-13.045,-31.194
-12.935,-31.239
-12.837,-31.27
-12.747,-31.292
-12.666,-31.307
-12.591,-31.316
-12.522,-31.322
-12.457,-31.325
-12.397,-31.326
-12.34,-31.326
-12.286,-31.326
-12.235,-31.324
-12.185,-31.323
-12.138,-31.321
-12.093,-31.319
-12.049,-31.316
-12.007,-31.314
-11.966,-31.312
-11.927,-31.309
-11.888,-31.306
-11.851,-31.303
-11.815,-31.299
-11.779,-31.295
-11.745,-31.291
-11.711,-31.286
-11.678,-31.282
-11.628,-31.273
-11.562,-31.26
-11.5,-31.245
-11.44,-31.228
-11.383,-31.21
-11.329,-31.191
-11.277,-31.171
-11.227,-31.15
-11.18,-31.128
-11.134,-31.107
-11.09,-31.085
-11.048,-31.063
-10.998,-31.036
-10.945,-31.007
-10.895,-30.978
-10.847,-30.951
-10.801,-30.924
-10.757,-30.899
-10.714,-30.876
-10.673,-30.853
-10.633,-30.831
-10.587,-30.807
-10.542,-30.783
-10.498,-30.761
-10.455,-30.741
-10.413,-30.721
-10.372,-30.701
-10.332,-30.683
-10.287,-30.662
-10.243,-30.642
-10.2,-30.623
-10.158,-30.603
-10.117,-30.584
-10.076,-30.565
-10.033,-30.544
-9.9891,-30.523
-9.9467,-30.502
-9.9051,-30.481
-9.8646,-30.46
-9.8246,-30.439
-9.7822,-30.416
-9.7409,-30.394
-9.7008,-30.372
-9.6617,-30.351
-9.6237,-30.33
-9.5835,-30.308
-9.5445,-30.287
-9.5066,-30.266
-9.4697,-30.246
-9.433,-30.227
-9.3956,-30.208
-9.3592,-30.19
-9.3238,-30.173
-9.2893,-30.157
-9.254,-30.142
-9.2194,-30.127
-9.1859,-30.115
-9.1532,-30.103
-9.1203,-30.092
-9.088,-30.082
-9.0566,-30.074
-9.0263,-30.067
-8.9958,-30.06
-8.9662,-30.055
-8.9376,-30.051
-8.91,-30.047
-8.8824,-30.044
-8.8559,-30.042
-8.8306,-30.041
-8.8059,-30.04
-8.7818,-30.04
-8.7589,-30.04
-8.7371,-30.041
-8.7157,-30.041
-8.6954,-30.042
-8.6762,-30.043
-8.6578,-30.044
-8.6402,-30.045
-8.6237,-30.046
-8.6081,-30.047
-8.5932,-30.048
-8.5793,-30.049
-8.5663,-30.049
-8.554,-30.05
-8.5426,-30.051
-8.532,-30.051
-8.522,-30.052
-8.5129,-30.052
-8.5044,-30.053
-8.4966,-30.054
-8.4894,-30.055
-8.4829,-30.056
-8.477,-30.057
-8.4717,-30.059
-8.4669,-30.062
-8.4627,-30.065
-8.4591,-30.069
-8.4561,-30.073
-8.4536,-30.078
-8.4517,-30.083
-8.4504,-30.09
-8.4497,-30.097
-8.4496,-30.105
-8.4501,-30.114
-8.4512,-30.124
-8.453,-30.135
-8.4554,-30.147
-8.4585,-30.16
-8.4623,-30.174
-8.4667,-30.188
-8.4719,-30.204
-8.4777,-30.221
-8.4843,-30.239
-8.4916,-30.258
-8.4996,-30.277
-8.5084,-30.298
-8.5178,-30.32
-8.5279,-30.343
-8.5387,-30.367
-8.5501,-30.392
-8.5623,-30.418
-8.575,-30.445
-8.5884,-30.473
-8.6022,-30.502
-8.6167,-30.532
-8.6317,-30.563
-8.6472,-30.596
-8.6632,-30.629
-8.6795,-30.663
-8.6963,-30.699
-8.7133,-30.736
-8.7309,-30.774
-8.7485,-30.813
-8.7666,-30.854
-8.7847,-30.895
-8.8033,-30.938
-8.8218,-30.982
-8.8408,-31.027
-8.8598,-31.073
-8.8791,-31.121
-8.8985,-31.17
-8.9181,-31.22
-8.9381,-31.272
-8.9582,-31.324
-8.9789,-31.378
-8.9998,-31.433
-9.0213,-31.489
-9.0434,-31.547
-9.066,-31.605
-9.0895,-31.664
-9.1138,-31.724
-9.1389,-31.784
-9.1651,-31.846
-9.1923,-31.908
-9.2205,-31.971
-9.2501,-32.035
-9.2808,-32.099
-9.3127,-32.163
-9.3459,-32.228
-9.3804,-32.293
-9.416,-32.358
-9.4529,-32.424
-9.491,-32.489
-9.5301,-32.555
-9.5703,-32.621
-9.6116,-32.687
-9.6537,-32.754
-9.6968,-32.82
-9.7406,-32.886
-9.7852,-32.953
-9.8303,-33.019
-9.8761,-33.085
-9.9223,-33.152
-9.969,-33.219
-10.016,-33.285
-10.063,-33.352
-10.111,-33.419
-10.158,-33.486
-10.205,-33.554
-10.253,-33.621
-10.3,-33.689
-10.347,-33.757
-10.394,-33.826
-10.44,-33.895
-10.486,-33.964
-10.531,-34.034
-10.575,-34.104
-10.619,-34.175
-10.661,-34.246
-10.703,-34.318
-10.743,-34.391
-10.783,-34.464
-10.82,-34.538
-10.857,-34.612
-10.892,-34.688
-10.925,-34.764
-10.956,-34.84
-10.986,-34.918
-11.014,-34.996
-11.039,-35.074
-11.063,-35.153
-11.085,-35.233
-11.105,-35.313
-11.123,-35.393
-11.14,-35.474
-11.154,-35.555
-11.167,-35.636
-11.179,-35.717
-11.189,-35.798
-11.198,-35.879
-11.206,-35.96
-11.213,-36.041
-11.219,-36.122
-11.225,-36.203
-11.23,-36.284
-11.235,-36.364
-11.239,-36.444
-11.244,-36.524
-11.248,-36.603
-11.252,-36.682
-11.256,-36.76
-11.261,-36.838
-11.265,-36.915
-11.27,-36.992
-11.274,-37.068
-11.279,-37.143
-11.283,-37.218
-11.288,-37.292
-11.292,-37.366
-11.296,-37.438
-11.299,-37.51
-11.302,-37.582
-11.303,-37.652
-11.304,-37.722
-11.304,-37.791
-11.302,-37.86
-11.299,-37.927
-11.294,-37.994
-11.287,-38.06
-11.279,-38.125
-11.268,-38.19
-11.254,-38.253
-11.239,-38.315
-11.221,-38.377
-11.2,-38.437
-11.177,-38.496
-11.152,-38.554
-11.124,-38.61
-11.093,-38.665
-11.061,-38.719
-11.026,-38.772
-10.988,-38.823
-10.949,-38.872
-10.908,-38.921
-10.865,-38.967
-10.82,-39.013
-10.773,-39.056
-10.725,-39.099
-10.676,-39.14
-10.625,-39.179
-10.573,-39.217
-10.519,-39.254
-10.465,-39.289
-10.409,-39.323
-10.352,-39.355
-10.295,-39.386
-10.236,-39.416
-10.176,-39.444
-10.116,-39.471
-10.054,-39.496
-9.992,-39.519
-9.9289,-39.541
-9.865,-39.562
-9.8003,-39.58
-9.7349,-39.597
-9.6687,-39.613
-9.6017,-39.626
-9.534,-39.638
-9.4656,-39.648
-9.3965,-39.656
-9.3268,-39.662
-9.2564,-39.666
-9.1854,-39.668
-9.1139,-39.667
-9.0419,-39.665
-8.9693,-39.66
-8.8964,-39.652
-8.8231,-39.643
-8.7496,-39.63
-8.6758,-39.616
-8.6019,-39.599
-8.5279,-39.579
-8.454,-39.557
-8.3802,-39.532
-8.3066,-39.505
-8.2333,-39.476
-8.1603,-39.444
-8.0877,-39.41
-8.0156,-39.374
-7.9441,-39.335
-7.8732,-39.295
-7.8029,-39.252
-7.7333,-39.208
-7.6644,-39.161
-7.5962,-39.113
-7.5288,-39.064
-7.4621,-39.012
-7.3962,-38.96
-7.3311,-38.906
-7.2667,-38.851
-7.203,-38.794
-7.1401,-38.737
-7.0779,-38.678
-7.0165,-38.618
-6.9558,-38.558
-6.8958,-38.496
-6.8366,-38.434
-6.778,-38.37
-6.7202,-38.306
-6.6631,-38.241
-6.6067,-38.176
-6.5511,-38.109
-6.4963,-38.042
-6.4422,-37.974
-6.389,-37.905
-6.3366,-37.836
-6.2851,-37.766
-6.2346,-37.695
-6.1851,-37.623
-6.1366,-37.551
-6.0893,-37.478
-6.0432,-37.404
-5.9983,-37.329
-5.9549,-37.253
-5.9129,-37.176
-5.8723,-37.099
-5.8335,-37.021
-5.7963,-36.941
-5.761,-36.861
-5.7275,-36.78
-5.696,-36.699
-5.6665,-36.616
-5.6391,-36.533
-5.6138,-36.449
-5.5906,-36.365
-5.5696,-36.28
-5.5506,-36.194
-5.5336,-36.108
-5.5186,-36.022
-5.5055,-35.935
-5.4941,-35.848
-5.4845,-35.761
-5.4763,-35.674
-5.4697,-35.587
-5.4643,-35.499
-5.46,-35.412
-5.4568,-35.324
-5.4545,-35.237
-5.453,-35.15
-5.4522,-35.062
-5.452,-34.975
-5.4523,-34.888
-5.453,-34.8
-5.4541,-34.713
-5.4554,-34.626
-5.4571,-34.538
-5.459,-34.451
-5.4611,-34.363
-5.4635,-34.276
-5.466,-34.188
-5.4688,-34.101
-5.4719,-34.013
-5.4752,-33.926
-5.4788,-33.838
-5.4829,-33.75
-5.4873,-33.663
-5.4922,-33.575
-5.4977,-33.488
-5.5038,-33.4
-5.5106,-33.313
-5.5181,-33.226
-5.5264,-33.139
-5.5357,-33.052
-5.5458,-32.965
-5.5571,-32.878
-5.5693,-32.791
-5.5827,-32.705
-5.5973,-32.619
-5.613,-32.533
-5.63,-32.447
-5.6481,-32.361
-5.6674,-32.276
-5.6879,-32.191
-5.7095,-32.107
-5.7322,-32.022
-5.7559,-31.938
-5.7806,-31.855
-5.8062,-31.771
-5.8326,-31.688
-5.8597,-31.605
-5.8876,-31.523
-5.916,-31.441
-5.945,-31.358
-5.9745,-31.277
-6.0043,-31.195
-6.0344,-31.114
-6.0649,-31.032
-6.0956,-30.951
-6.1265,-30.87
-6.1575,-30.79
-6.1888,-30.709
-6.2202,-30.629
-6.2517,-30.549
-6.2834,-30.469
-6.3153,-30.389
-6.3474,-30.31
-6.3797,-30.23
-6.4122,-30.151
-6.445,-30.073
-6.4781,-29.994
-6.5115,-29.916
-6.5453,-29.839
-6.5794,-29.761
-6.6139,-29.684
-6.6487,-29.608
-6.684,-29.532
-6.7196,-29.457
-6.7556,-29.381
-6.7919,-29.307
-6.8286,-29.233
-6.8656,-29.16
-6.9028,-29.087
-6.9404,-29.014
-6.9782,-28.942
-7.0161,-28.871
-7.0543,-28.8
-7.0925,-28.73
-7.1309,-28.661
-7.1693,-28.592
-7.2078,-28.524
-7.2463,-28.456
-7.2847,-28.389
-7.3231,-28.323
-7.3614,-28.257
-7.3996,-28.193
-7.4377,-28.129
-7.4757,-28.065
-7.5135,-28.003
-7.5512,-27.942
-7.5887,-27.881
-7.6261,-27.822
-7.6632,-27.763
-7.7003,-27.706
-7.7372,-27.65
-7.7739,-27.595
-7.8105,-27.541
-7.8471,-27.489
-7.8835,-27.438
-7.9199,-27.388
-7.9563,-27.34
-7.9927,-27.294
-8.0291,-27.249
-8.0656,-27.206
-8.1022,-27.165
-8.139,-27.126
-8.1759,-27.088
-8.213,-27.053
-8.2504,-27.019
-8.288,-26.987
-8.3259,-26.957
-8.3642,-26.929
-8.4028,-26.903
-8.4418,-26.879
-8.4811,-26.856
-8.5208,-26.835
-8.5609,-26.816
-8.6015,-26.799
-8.6424,-26.783
-8.6837,-26.769
-8.7255,-26.756
-8.7676,-26.745
-8.8102,-26.735
-8.8532,-26.727
-8.8966,-26.72
-8.9404,-26.714
-8.9846,-26.709
-9.0292,-26.705
-9.0742,-26.703
-9.1196,-26.701
-9.1654,-26.7
-9.2116,-26.7
-9.2582,-26.701
-9.3052,-26.703
-9.3526,-26.706
-9.4004,-26.709
-9.4487,-26.713
-9.4974,-26.717
-9.5465,-26.722
-9.5961,-26.728
-9.6462,-26.734
-9.6968,-26.74
-9.7479,-26.747
-9.7996,-26.755
-9.8518,-26.762
-9.9047,-26.77
-9.9581,-26.778
-10.012,-26.787
-10.067,-26.796
-10.123,-26.804
-10.179,-26.813
-10.236,-26.823
-10.294,-26.832
-10.352,-26.841
-10.412,-26.851
-10.472,-26.86
-10.534,-26.87
-10.596,-26.88
-10.659,-26.89
-10.723,-26.9
-10.788,-26.91
-10.855,-26.92
-10.922,-26.931
-10.989,-26.942
-11.058,-26.953
-11.128,-26.965
-11.198,-26.978
-11.269,-26.991
-11.341,-27.005
-11.413,-27.02
-11.486,-27.036
-11.559,-27.053
-11.633,-27.071
-11.706,-27.09
-11.78,-27.111
-11.854,-27.132
-11.927,-27.155
-12.001,-27.179
-12.074,-27.204
-12.147,-27.23
-12.22,-27.257
-12.293,-27.286
-12.365,-27.315
-12.437,-27.345
-12.509,-27.376
-12.58,-27.408
-12.652,-27.441
-12.723,-27.474
-12.794,-27.508
-12.865,-27.542
-12.936,-27.576
-13.007,-27.611
-13.078,-27.646
-13.15,-27.681
-13.221,-27.717
-13.293,-27.752
-13.365,-27.787
-13.438,-27.822
-13.511,-27.857
-13.584,-27.891
-13.658,-27.925
-13.733,-27.959
-13.808,-27.993
-13.883,-28.026
-13.959,-28.058
-14.035,-28.09
-14.111,-28.122
-14.188,-28.153
-14.265,-28.184
-14.341,-28.215
-14.418,-28.246
-14.495,-28.276
-14.572,-28.307
-14.648,-28.338
-14.724,-28.37
-14.799,-28.401
-14.874,-28.434
-14.949,-28.467
-15.022,-28.501
-15.095,-28.535
-15.167,-28.571
-15.238,-28.607
-15.309,-28.645
-15.379,-28.684
-15.447,-28.723
-15.515,-28.764
-15.582,-28.806
-15.648,-28.848
-15.713,-28.892
-15.778,-28.937
-15.841,-28.983
-15.904,-29.03
-15.966,-29.077
-16.027,-29.126
-16.087,-29.175
-16.147,-29.225
-16.205,-29.276
-16.263,-29.328
-16.321,-29.38
-16.377,-29.432
-16.433,-29.485
-16.488,-29.538
-16.542,-29.592
-16.596,-29.645
-16.649,-29.699
-16.701,-29.752
-16.753,-29.806
-16.804,-29.859
-16.854,-29.912
-16.904,-29.964
-16.953,-30.016
-17.002,-30.067
-17.05,-30.118
-17.098,-30.168
-17.145,-30.217
-17.193,-30.265
-17.239,-30.313
-17.286,-30.359
-17.332,-30.405
-17.378,-30.45
-17.424,-30.495
-17.47,-30.538
-17.515,-30.581
-17.561,-30.623
-17.607,-30.664
-17.652,-30.705
-17.698,-30.745
-17.744,-30.785
-17.79,-30.824
-17.837,-30.863
-17.883,-30.901
-17.93,-30.939
-17.978,-30.977
-18.025,-31.014
-18.073,-31.051
-18.121,-31.087
-18.17,-31.124
-18.22,-31.16
-18.27,-31.196
-18.32,-31.232
-18.371,-31.267
-18.423,-31.302
-18.476,-31.337
-18.529,-31.372
-18.583,-31.407
-18.638,-31.441
-18.694,-31.476
-18.751,-31.509
-18.809,-31.543
-18.868,-31.576
-18.928,-31.608
-18.99,-31.64
-19.053,-31.671
-19.117,-31.702
-19.182,-31.732
-19.249,-31.76
-19.317,-31.788
-19.386,-31.815
-19.457,-31.84
-19.53,-31.865
-19.603,-31.888
-19.678,-31.91
-19.754,-31.931
-19.831,-31.95
-19.909,-31.968
-19.988,-31.986
-20.067,-32.003
-20.146,-32.019
-20.226,-32.035
-20.306,-32.051
-20.386,-32.068
-20.466,-32.085
-20.546,-32.103
-20.625,-32.122
-20.704,-32.142
-20.782,-32.164
-20.859,-32.187
-20.936,-32.212
-21.011,-32.24
-21.086,-32.268
-21.16,-32.299
-21.233,-32.332
-21.305,-32.366
-21.376,-32.402
-21.446,-32.44
-21.516,-32.48
-21.584,-32.521
-21.652,-32.563
-21.719,-32.607
-21.786,-32.652
-21.852,-32.698
-21.917,-32.746
-21.982,-32.794
-22.047,-32.843
-22.111,-32.893
-22.175,-32.943
-22.239,-32.995
-22.303,-33.046
-22.366,-33.098
-22.43,-33.151
-22.494,-33.204
-22.557,-33.257
-22.621,-33.31
-22.685,-33.363
-22.75,-33.416
-22.815,-33.469
-22.88,-33.522
-22.945,-33.575
-23.012,-33.627
-23.078,-33.679
-23.145,-33.73
-23.213,-33.781
-23.282,-33.831
-23.351,-33.88
-23.421,-33.928
-23.492,-33.976
-23.564,-34.022
-23.637,-34.067
-23.711,-34.111
-23.785,-34.154
-23.861,-34.195
-23.938,-34.235
-24.015,-34.274
-24.094,-34.31
-24.173,-34.345
-24.254,-34.378
-24.336,-34.409
-24.418,-34.438
-24.502,-34.465
-24.586,-34.489
-24.671,-34.511
-24.756,-34.53
-24.842,-34.546
-24.929,-34.559
-25.015,-34.568
-25.102,-34.575
-25.188,-34.578
-25.274,-34.577
-25.359,-34.573
-25.443,-34.566
-25.526,-34.556
-25.608,-34.542
-25.689,-34.526
-25.768,-34.507
-25.846,-34.485
-25.923,-34.461
-25.998,-34.436
-26.073,-34.408
-26.146,-34.378
-26.218,-34.347
-26.289,-34.314
-26.359,-34.281
-26.427,-34.245
-26.496,-34.209
-26.563,-34.172
-26.629,-34.134
-26.695,-34.095
-26.76,-34.056
-26.825,-34.015
-26.889,-33.974
-26.952,-33.932
-27.015,-33.89
-27.077,-33.846
-27.139,-33.803
-27.201,-33.758
-27.262,-33.713
-27.323,-33.667
-27.383,-33.62
-27.443,-33.572
-27.503,-33.523
-27.562,-33.474
-27.622,-33.424
-27.68,-33.372
-27.739,-33.32
-27.797,-33.266
-27.854,-33.211
-27.911,-33.155
-27.968,-33.098
-28.024,-33.039
-28.08,-32.979
-28.135,-32.918
-28.19,-32.855
-28.244,-32.791
-28.298,-32.725
-28.351,-32.658
-28.403,-32.59
-28.454,-32.521
-28.505,-32.45
-28.555,-32.379
-28.604,-32.307
-28.653,-32.234
-28.701,-32.16
-28.748,-32.087
-28.795,-32.012
-28.841,-31.938
-28.886,-31.864
-28.931,-31.79
-28.975,-31.715
-29.019,-31.641
-29.062,-31.568
-29.105,-31.494
-29.148,-31.421
-29.19,-31.348
-29.232,-31.276
-29.274,-31.204
-29.315,-31.133
-29.356,-31.062
-29.397,-30.992
-29.438,-30.922
-29.478,-30.852
-29.518,-30.784
-29.558,-30.715
-29.597,-30.647
-29.636,-30.58
-29.676,-30.513
-29.714,-30.446
-29.753,-30.38
-29.791,-30.315
-29.829,-30.25
-29.867,-30.186
-29.905,-30.122
-29.942,-30.059
-29.979,-29.996
-30.016,-29.934
-30.052,-29.873
-30.089,-29.812
-30.125,-29.752
-30.16,-29.693
-30.196,-29.634
-30.231,-29.576
-30.267,-29.519
-30.301,-29.462
-30.336,-29.407
-30.371,-29.352
-30.405,-29.297
-30.44,-29.244
-30.474,-29.192
-30.508,-29.14
-30.542,-29.089
-30.576,-29.039
-30.61,-28.99
-30.644,-28.941
-30.677,-28.893
-30.711,-28.846
-30.745,-28.8
-30.779,-28.754
-30.813,-28.709
-30.847,-28.665
-30.882,-28.621
-30.916,-28.578
-30.951,-28.535
-30.986,-28.493
-31.021,-28.451
-31.056,-28.41
-31.091,-28.369
-31.127,-28.329
-31.162,-28.289
-31.199,-28.249
-31.235,-28.209
-31.271,-28.17
-31.308,-28.132
-31.345,-28.093
-31.382,-28.055
-31.42,-28.018
-31.458,-27.981
-31.496,-27.944
-31.535,-27.907
-31.573,-27.871
-31.613,-27.836
-31.652,-27.8
-31.692,-27.766
-31.732,-27.732
-31.773,-27.698
-31.813,-27.665
-31.855,-27.632
-31.896,-27.6
-31.938,-27.568
-31.981,-27.536
-32.024,-27.506
-32.067,-27.475
-32.11,-27.446
-32.154,-27.416
-32.199,-27.387
-32.243,-27.359
-32.289,-27.331
-32.334,-27.303
-32.38,-27.275
-32.426,-27.248
-32.472,-27.221
-32.519,-27.195
-32.566,-27.168
-32.614,-27.142
-32.661,-27.116
-32.709,-27.089
-32.757,-27.063
-32.806,-27.037
-32.855,-27.011
-32.903,-26.985
-32.953,-26.959
-33.002,-26.932
-33.051,-26.906
-33.101,-26.879
-33.151,-26.852
-33.201,-26.824
-33.251,-26.796
-33.302,-26.768
-33.352,-26.739
-33.403,-26.71
-33.454,-26.68
-33.505,-26.65
-33.556,-26.619
-33.607,-26.587
-33.658,-26.555
-33.71,-26.522
-33.762,-26.489
-33.813,-26.455
-33.865,-26.42
-33.917,-26.384
-33.97,-26.348
-34.022,-26.311
-34.074,-26.273
-34.127,-26.234
-34.18,-26.194
-34.232,-26.154
-34.285,-26.113
-34.339,-26.071
-34.392,-26.029
-34.445,-25.985
-34.499,-25.941
-34.552,-25.897
-34.606,-25.851
-34.66,-25.805
-34.714,-25.758
-34.768,-25.711
-34.822,-25.663
-34.877,-25.614
-34.931,-25.565
-34.985,-25.515
-35.04,-25.465
-35.094,-25.414
-35.149,-25.363
-35.204,-25.311
-35.258,-25.258
-35.313,-25.206
-35.368,-25.152
-35.422,-25.099
-35.477,-25.045
-35.531,-24.99
-35.586,-24.935
-35.64,-24.88
-35.695,-24.824
-35.749,-24.768
-35.804,-24.711
-35.858,-24.654
-35.912,-24.597
-35.966,-24.54
-36.02,-24.482
-36.074,-24.423
-36.128,-24.365
-36.182,-24.306
-36.235,-24.247
-36.289,-24.187
-36.343,-24.127
-36.397,-24.067
-36.45,-24.006
-36.504,-23.945
-36.558,-23.884
-36.612,-23.823
-36.665,-23.761
-36.719,-23.699
-36.773,-23.637
-36.827,-23.575
-36.881,-23.512
-36.935,-23.449
-36.99,-23.386
-37.044,-23.322
-37.099,-23.259
-37.153,-23.195
-37.208,-23.13
-37.262,-23.066
-37.317,-23.001
-37.372,-22.936
-37.427,-22.871
-37.482,-22.805
-37.537,-22.739
-37.591,-22.673
-37.646,-22.607
-37.7,-22.54
-37.755,-22.473
-37.809,-22.405
-37.863,-22.337
-37.916,-22.268
-37.969,-22.199
-38.021,-22.13
-38.073,-22.06
-38.124,-21.989
-38.174,-21.917
-38.224,-21.845
-38.272,-21.772
-38.319,-21.698
-38.364,-21.624
-38.409,-21.548
-38.451,-21.471
-38.492,-21.394
-38.531,-21.316
-38.569,-21.236
-38.604,-21.156
-38.637,-21.075
-38.668,-20.993
-38.696,-20.91
-38.722,-20.826
-38.746,-20.742
-38.768,-20.657
-38.787,-20.572
-38.804,-20.486
-38.819,-20.4
-38.832,-20.313
-38.842,-20.226
-38.851,-20.139
-38.858,-20.052
-38.863,-19.965
-38.866,-19.878
-38.867,-19.79
-38.866,-19.703
-38.864,-19.616
-38.86,-19.529
-38.854,-19.442
-38.846,-19.355
-38.836,-19.269
-38.825,-19.183
-38.812,-19.097
-38.797,-19.012
-38.78,-18.927
-38.761,-18.842
-38.74,-18.758
-38.718,-18.674
-38.693,-18.591
-38.668,-18.508
-38.64,-18.426
-38.611,-18.345
-38.58,-18.264
-38.548,-18.184
-38.514,-18.104
-38.479,-18.024
-38.443,-17.946
-38.405,-17.867
-38.367,-17.79
-38.327,-17.712
-38.287,-17.635
-38.246,-17.559
-38.203,-17.482
-38.16,-17.407
-38.117,-17.331
-38.072,-17.256
-38.027,-17.181
-37.982,-17.106
-37.935,-17.032
-37.889,-16.958
-37.842,-16.884
-37.794,-16.81
-37.746,-16.737
-37.697,-16.664
-37.648,-16.591
-37.599,-16.519
-37.549,-16.447
-37.499,-16.375
-37.448,-16.304
-37.397,-16.233
-37.345,-16.163
-37.293,-16.093
-37.241,-16.024
-37.188,-15.955
-37.135,-15.886
-37.081,-15.819
-37.027,-15.751
-36.973,-15.684
-36.918,-15.618
-36.862,-15.552
-36.807,-15.487
-36.751,-15.422
-36.694,-15.358
-36.637,-15.294
-36.58,-15.23
-36.522,-15.167
-36.464,-15.104
-36.405,-15.042
-36.346,-14.98
-36.287,-14.918
-36.228,-14.856
-36.168,-14.795
-36.107,-14.735
-36.047,-14.674
-35.986,-14.614
-35.924,-14.554
-35.862,-14.494
-35.8,-14.434
-35.738,-14.375
-35.675,-14.316
-35.611,-14.257
-35.548,-14.199
-35.484,-14.141
-35.419,-14.083
-35.354,-14.025
-35.289,-13.968
-35.223,-13.912
-35.157,-13.855
-35.091,-13.799
-35.024,-13.744
-34.957,-13.689
-34.889,-13.634
-34.821,-13.58
-34.753,-13.527
-34.684,-13.474
-34.615,-13.422
-34.546,-13.37
-34.476,-13.319
-34.406,-13.268
-34.336,-13.218
-34.266,-13.168
-34.195,-13.12
-34.124,-13.071
-34.053,-13.024
-33.981,-12.976
-33.91,-12.929
-33.838,-12.883
-33.766,-12.837
-33.694,-12.791
-33.621,-12.746
-33.549,-12.7
-33.476,-12.655
-33.403,-12.61
-33.33,-12.564
-33.257,-12.519
-33.184,-12.473
-33.111,-12.427
-33.037,-12.381
-32.964,-12.334
-32.891,-12.287
-32.818,-12.239
-32.745,-12.191
-32.672,-12.143
-32.599,-12.094
-32.527,-12.045
-32.455,-11.995
-32.383,-11.945
-32.311,-11.894
-32.24,-11.844
-32.168,-11.792
-32.097,-11.741
-32.026,-11.69
-31.956,-11.638
-31.885,-11.587
-31.814,-11.535
-31.744,-11.484
-31.673,-11.432
-31.602,-11.381
-31.531,-11.33
-31.46,-11.279
-31.389,-11.229
-31.317,-11.179
-31.246,-11.129
-31.173,-11.08
-31.101,-11.031
-31.028,-10.983
-30.955,-10.935
-30.881,-10.888
-30.807,-10.841
-30.733,-10.795
-30.658,-10.75
-30.583,-10.704
-30.508,-10.66
-30.433,-10.615
-30.357,-10.571
-30.281,-10.527
-30.205,-10.483
-30.129,-10.44
-30.053,-10.396
-29.977,-10.352
-29.902,-10.309
-29.826,-10.265
-29.75,-10.221
-29.674,-10.176
-29.599,-10.132
-29.523,-10.087
-29.448,-10.042
-29.373,-9.9974
-29.298,-9.9521
-29.223,-9.9067
-29.149,-9.861
-29.074,-9.8153
-29,-9.7694
-28.926,-9.7234
-28.852,-9.6773
-28.778,-9.6313
-28.704,-9.5852
-28.63,-9.5391
-28.557,-9.4931
-28.484,-9.4471
-28.411,-9.4011
-28.338,-9.3553
-28.265,-9.3094
-28.193,-9.2637
-28.121,-9.218
-28.049,-9.1724
-27.977,-9.1268
-27.906,-9.0811
-27.835,-9.0355
-27.765,-8.9898
-27.695,-8.944
-27.625,-8.898
-27.556,-8.8519
-27.487,-8.8055
-27.419,-8.7589
-27.351,-8.712
-27.284,-8.6647
-27.217,-8.6169
-27.151,-8.5687
-27.085,-8.52
-27.021,-8.4709
-26.956,-8.4211
-26.892,-8.3708
-26.829,-8.3199
-26.767,-8.2683
-26.705,-8.2161
-26.644,-8.1633
-26.583,-8.1099
-26.523,-8.0559
-26.463,-8.0012
-26.405,-7.9459
-26.346,-7.89
-26.289,-7.8335
-26.232,-7.7765
-26.175,-7.7189
-26.119,-7.6608
-26.064,-7.6022
-26.009,-7.5431
-25.955,-7.4836
-25.902,-7.4237
-25.848,-7.3634
-25.796,-7.3026
-25.744,-7.2416
-25.692,-7.1801
-25.641,-7.1184
-25.59,-7.0564
-25.54,-6.994
-25.49,-6.9314
-25.44,-6.8686
-25.391,-6.8055
-25.343,-6.7422
-25.295,-6.6787
-25.247,-6.6149
-25.2,-6.551
-25.153,-6.4869
-25.106,-6.4225
-25.06,-6.358
-25.015,-6.2934
-24.97,-6.2285
-24.925,-6.1635
-24.88,-6.0983
-24.837,-6.0329
-24.793,-5.9674
-24.75,-5.9017
-24.707,-5.8358
-24.665,-5.7697
-24.624,-5.7035
-24.582,-5.6371
-24.542,-5.5705
-24.501,-5.5037
-24.462,-5.4368
-24.423,-5.3696
-24.384,-5.3023
-24.346,-5.2348
-24.308,-5.167
-24.272,-5.0991
-24.235,-5.0309
-24.2,-4.9626
-24.164,-4.894
-24.13,-4.8253
-24.096,-4.7563
-24.063,-4.687
-24.031,-4.6176
-23.999,-4.5479
-23.968,-4.478
-23.938,-4.4079
-23.908,-4.3375
-23.879,-4.2669
-23.851,-4.1961
-23.824,-4.125
-23.797,-4.0537
-23.771,-3.9821
-23.746,-3.9102
-23.722,-3.8381
-23.699,-3.7658
-23.676,-3.6931
-23.655,-3.6202
-23.634,-3.547
-23.614,-3.4736
-23.594,-3.3998
-23.576,-3.3257
-23.559,-3.2513
-23.542,-3.1765
-23.526,-3.1015
-23.511,-3.026
-23.497,-2.9503
-23.484,-2.8741
-23.472,-2.7975
-23.46,-2.7206
-23.45,-2.6432
-23.44,-2.5655
-23.432,-2.4873
-23.424,-2.4086
-23.417,-2.3296
-23.411,-2.25
-23.406,-2.17
-23.402,-2.0895
-23.399,-2.0085
-23.397,-1.9272
-23.396,-1.8454
-23.396,-1.7631
-23.397,-1.6805
-23.399,-1.5975
-23.401,-1.5141
-23.405,-1.4304
-23.409,-1.3464
-23.415,-1.2622
-23.421,-1.1777
-23.428,-1.0931
-23.436,-1.0083
-23.445,-0.92344
-23.455,-0.83851
-23.465,-0.75355
-23.476,-0.66857
-23.488,-0.58363
-23.501,-0.49873
-23.514,-0.41392
-23.528,-0.3292
-23.543,-0.24462
-23.559,-0.16019
-23.576,-0.075916
-23.593,0.0081267
-23.611,0.091957
-23.63,0.17555
-23.651,0.25883
-23.672,0.34183
-23.694,0.42452
-23.718,0.50679
-23.742,0.5887
-23.768,0.67022
-23.795,0.75124
-23.823,0.83179
-23.853,0.91187
-23.884,0.99139
-23.916,1.0703
-23.95,1.1487
-23.985,1.2265
-24.021,1.3037
-24.059,1.3802
-24.098,1.4561
-24.138,1.5314
-24.179,1.606
-24.221,1.6799
-24.264,1.7532
-24.309,1.8258
-24.354,1.8978
-24.401,1.9692
-24.448,2.0399
-24.496,2.11
-24.545,2.1795
-24.595,2.2483
-24.645,2.3166
-24.696,2.3843
-24.748,2.4514
-24.8,2.5179
-24.853,2.5838
-24.906,2.6492
-24.96,2.714
-25.015,2.7781
-25.07,2.8417
-25.125,2.9047
-25.181,2.9671
-25.237,3.0288
-25.294,3.0899
-25.35,3.1504
-25.408,3.2101
-25.465,3.2692
-25.523,3.3275
-25.582,3.3851
-25.64,3.4419
-25.699,3.4979
-25.759,3.5531
-25.818,3.6074
-25.878,3.6608
-25.938,3.7133
-25.998,3.7649
-26.059,3.8155
-26.12,3.8652
-26.181,3.9138
-26.242,3.9615
-26.304,4.0081
-26.366,4.0537
-26.428,4.0983
-26.49,4.1419
-26.553,4.1845
-26.615,4.2262
-26.678,4.2668
-26.741,4.3065
-26.804,4.3452
-26.868,4.3831
-26.931,4.4201
-26.995,4.4563
-27.059,4.4916
-27.123,4.5262
-27.187,4.5601
-27.252,4.5933
-27.316,4.6258
-27.381,4.6577
-27.446,4.6891
-27.511,4.7198
-27.576,4.75
-27.642,4.7797
-27.708,4.8089
-27.774,4.8377
-27.84,4.866
-27.907,4.8939
-27.974,4.9213
-28.041,4.9483
-28.108,4.9749
-28.175,5.0011
-28.243,5.0269
-28.311,5.0523
-28.38,5.0772
-28.448,5.1018
-28.517,5.1259
-28.586,5.1495
-28.656,5.1728
-28.725,5.1956
-28.795,5.2179
-28.865,5.2398
-28.936,5.2613
-29.006,5.2822
-29.077,5.3027
-29.148,5.3228
-29.22,5.3424
-29.291,5.3615
-29.363,5.3802
-29.435,5.3984
-29.507,5.4162
-29.58,5.4335
-29.652,5.4505
-29.725,5.467
-29.798,5.4831
-29.872,5.4988
-29.945,5.5141
-30.019,5.5291
-30.094,5.5437
-30.168,5.5579
-30.243,5.5718
-30.318,5.5853
-30.393,5.5986
-30.469,5.6115
-30.545,5.6241
-30.621,5.6365
-30.697,5.6485
-30.774,5.6602
-30.851,5.6716
-30.929,5.6828
-31.007,5.6936
-31.085,5.7042
-31.163,5.7144
-31.242,5.7243
-31.321,5.7339
-31.4,5.7431
-31.48,5.7519
-31.56,5.7604
-31.64,5.7685
-31.721,5.7761
-31.802,5.7832
-31.883,5.7899
-31.964,5.796
-32.046,5.8016
-32.128,5.8066
-32.21,5.811
-32.293,5.8148
-32.375,5.8179
-32.458,5.8203
-32.54,5.822
-32.623,5.8229
-32.706,5.8232
-32.789,5.8227
-32.872,5.8215
-32.955,5.8195
-33.038,5.8169
-33.121,5.8135
-33.204,5.8095
-33.287,5.8049
-33.37,5.7997
-33.452,5.7939
-33.535,5.7876
-33.617,5.7809
-33.7,5.7737
-33.782,5.7662
-33.864,5.7584
-33.947,5.7504
-34.029,5.7422
-34.112,5.7338
-34.195,5.7254
-34.277,5.717
-34.36,5.7085
-34.444,5.7002
-34.527,5.6919
-34.611,5.6838
-34.695,5.6759
-34.779,5.6681
-34.863,5.6606
-34.948,5.6533
-35.033,5.6463
-35.118,5.6395
-35.203,5.633
-35.289,5.6267
-35.375,5.6207
-35.461,5.6148
-35.547,5.6091
-35.633,5.6035
-35.719,5.598
-35.805,5.5925
-35.891,5.5871
-35.978,5.5816
-36.064,5.5759
-36.15,5.5702
-36.236,5.5642
-36.323,5.5579
-36.409,5.5514
-36.494,5.5445
-36.58,5.5372
-36.666,5.5295
-36.752,5.5213
-36.837,5.5127
-36.922,5.5035
-37.007,5.4939
-37.092,5.4837
-37.177,5.473
-37.262,5.4618
-37.346,5.4501
-37.431,5.438
-37.515,5.4254
-37.6,5.4123
-37.684,5.3989
-37.769,5.3851
-37.853,5.371
-37.938,5.3565
-38.022,5.3418
-38.107,5.3269
-38.192,5.3118
-38.276,5.2964
-38.361,5.2809
-38.446,5.2651
-38.531,5.2492
-38.616,5.2331
-38.7,5.2166
-38.785,5.1999
-38.87,5.1829
-38.954,5.1654
-39.039,5.1474
-39.123,5.1289
-39.207,5.1097
-39.291,5.0897
-39.375,5.069
-39.458,5.0473
-39.542,5.0245
-39.625,5.0007
-39.707,4.9758
-39.79,4.9495
-39.872,4.9221
-39.954,4.8934
-40.035,4.8633
-40.116,4.832
-40.197,4.7991
-40.276,4.7653
-40.356,4.7299
-40.436,4.6935
-40.514,4.6559
-40.593,4.6172
-40.671,4.5775
-40.748,4.5366
-40.825,4.4952
-40.902,4.4525
-40.978,4.4095
-41.054,4.3653
-41.129,4.321
-41.204,4.2756
-41.279,4.2302
-41.353,4.1838
-41.427,4.1375
-41.501,4.0904
-41.575,4.0433
-41.648,3.9957
-41.721,3.9479
-41.794,3.9001
-41.867,3.8517
-41.939,3.8036
-42.012,3.7549
-42.084,3.7066
-42.156,3.6579
-42.227,3.6091
-42.299,3.5604
-42.371,3.511
-42.441,3.4624
-42.512,3.4131
-42.583,3.3637
-42.653,3.3145
-42.724,3.2644
-42.793,3.215
-42.863,3.1651
-42.933,3.1143
-43.002,3.0645
-43.071,3.0138
-43.141,2.9625
-43.209,2.9119
-43.278,2.8603
-43.347,2.8083
-43.414,2.7569
-43.483,2.7045
-43.552,2.6515
-43.619,2.5993
-43.687,2.5462
-43.756,2.4921
-43.823,2.4391
-43.891,2.3851
-43.96,2.3301
-44.027,2.2755
-44.094,2.2208
-44.162,2.1648
-44.231,2.1076
-44.296,2.0522
-44.362,1.9952
-44.428,1.9365
-44.494,1.8775
-44.556,1.82
-44.618,1.7605
-44.681,1.6989
-44.742,1.6365
-44.799,1.577
-44.855,1.5153
-44.912,1.4513
-44.967,1.3848
-45.018,1.3215
-45.066,1.2583
-45.114,1.1931
-45.161,1.1256
-45.206,1.0558
-45.247,0.98844
-45.285,0.92278
-45.322,0.85534
-45.357,0.78616
-45.391,0.71528
-45.422,0.6428
-45.449,0.57443
-45.474,0.5065
-45.496,0.43758
-45.517,0.36783
-45.535,0.29743
-45.55,0.22658
-45.562,0.15753
-45.571,0.091948
-45.578,0.026681
-45.582,-0.037988
-45.583,-0.10175
-45.581,-0.16426
-45.577,-0.22515
-45.57,-0.28132
-45.56,-0.33195
-45.549,-0.38033
-45.535,-0.42616
-45.518,-0.46912
-45.499,-0.50891
-45.478,-0.54526
-45.454,-0.57792
-45.432,-0.60175
-45.412,-0.62071
-45.39,-0.63753
-45.366,-0.65222
-45.341,-0.66479
-45.314,-0.6753
-45.285,-0.6838
-45.253,-0.69037
-45.218,-0.69507
-45.18,-0.69795
-45.137,-0.69898
-45.118,-0.69883
-45.099,-0.69833
-45.078,-0.69745
-45.057,-0.69616
-45.034,-0.69441
-45.011,-0.69217
-44.986,-0.68937
-44.959,-0.68593
-44.932,-0.68176
-44.903,-0.67675
-44.872,-0.67078
-44.839,-0.66371
-44.805,-0.65535
-44.769,-0.64552
-44.73,-0.634
-44.689,-0.62052
-44.645,-0.60481
-44.599,-0.58656
-44.549,-0.56541
-44.495,-0.541
-44.438,-0.51292
-44.375,-0.48073
-44.307,-0.44401
-44.233,-0.40228
-44.151,-0.3551
-44.061,-0.30206
