X,Y
0.642215275430889,0.11453531598513
0.64556437985806,0.115130111524164
0.552739101047651,0.0995370057451842
0.493577222034471,0.0914579249746536
0.417828658330517,0.0784597837107131
0.349810746873944,0.0668337276106793
0.316312943562014,0.0619095978371071
0.265917539709361,0.0511414329165259
0.224591078066914,0.0385567759378168
0.180586346738763,0.0222242311591754
0.142524501520784,0.00219390098006083
0.106531936465022,-0.0190768840824603
0.0679082460290639,-0.0371628928692126
0.036883406556269,-0.0496039202433254
0.0257659175397094,-0.0414918891517405
0.0156144643460629,-0.0415214599526867
-0.00828391348428523,-0.0416079756674552
-0.0291143967556607,-0.0340424129773572
-0.0350035991889152,-0.0193555255153768
-0.0357902162892869,0.00034882561676242
-0.018488374450828,0.0311127069956066
-0.0160723217303143,0.0547745860087867
-0.0115697026022305,0.0774844542075025
-0.0110024839472795,0.0941554579249746
-0.00917972287935113,0.104749915511997
-0.0227060155457925,0.103362622507604
-0.0331558803649882,0.100865157147685
-0.0409303818857722,0.0979266644136532
-0.0320095809395066,0.103828996282528
-0.0323763940520446,0.103411625549172
-0.0296650050692802,0.102556606961811
-0.0231289286921257,0.103472456911119
-0.00342362284555593,0.110574518418385
-0.00965980736735383,0.101243663399797
-0.0026125718148023,0.0986194660358229
-0.000634386617100372,0.0907391010476512
-0.0119543088881379,0.0697698546806354
-0.0240692294694153,0.0432059817505914
-0.043342345386955,0.0170133491044272
-0.0550971612031092,-0.00190817843866171
-0.062546468401487,-0.0155117607299763
-0.0565199391686381,-0.0193191956742143
-0.0587265968232511,-0.0243528218992903
-0.0588545116593444,-0.0275030415680973
-0.0589998310239946,-0.0299430550861778
-0.0509802298073674,-0.0278524839472795
-0.0569141601892531,-0.0341279148360933
-0.0624961135518756,-0.040854342683339
-0.066307874281852,-0.045826123690436
-0.0728540047313282,-0.0508303480905711
-0.0642129097668131,-0.048654782020953
-0.064622845555931,-0.0506537681649206
-0.0603585670834741,-0.0492624197363974
-0.0626880702940183,-0.0514050354849611
-0.0601662723893207,-0.0528768164920581
-0.0568609327475498,-0.0537686718485975
-0.0492608989523488,-0.0522975667455221
-0.0522793173369382,-0.0548583981074687
-0.0451743832375803,-0.0529297059817506
-0.0442184859749915,-0.052505407232173
-0.0373524839472795,-0.0504330855018587
-0.0364464346062859,-0.049397938492734
-0.0353676917877661,-0.0480288948969246
-0.0339553903345725,-0.0501802973977695
-0.0396975329503211,-0.0543631294356201
-0.0453197026022305,-0.0580748563703954
-0.0475606623859412,-0.0618176748901656
-0.0532426495437648,-0.0641039202433255
-0.0524406894221021,-0.0644564041906049
-0.059279655288949,-0.0652607299763434
-0.0629587698546806,-0.0637612369043596
-0.0634178776613721,-0.0620821223386279
-0.0690797566745522,-0.0615849949307198
-0.0745586346738763,-0.0609041906049341
-0.0788568773234201,-0.0591269009800608
-0.0789979722879351,-0.0557022642784725
-0.0795878675228118,-0.0500762081784387
-0.0791149036836769,-0.0438386279148361
-0.077125718148023,-0.0366135518756337
-0.0722774586008787,-0.0288171679621494
-0.0693227441703278,-0.0215212909766813
-0.0660900642108821,-0.0147076715106455
-0.0646416018925313,-0.0104614734707671
-0.0651013856032443,-0.00896361946603582
-0.0649312267657993,-0.00889623183507942
-0.0679364650219669,-0.0113850963163231
-0.0728455559310578,-0.0166010476512335
-0.0766951672862454,-0.021528218992903
-0.0790185873605948,-0.0273913484285232
-0.0801018925312606,-0.0303813788442041
-0.0795385265292329,-0.0326650895572829
-0.0780197701926326,-0.0344739776951673
-0.0757044609665427,-0.0358754646840149
-0.0734711051030754,-0.0376551199729638
-0.0714102737411288,-0.0398137884420412
-0.0686944913822237,-0.0414484623183508
-0.0658526529232849,-0.0430201081446435
-0.0630126732004055,-0.0445582967218655
-0.0616498817167962,-0.0474765123352484
-0.0586573166610341,-0.0460625211220007
-0.0579178776613721,-0.0500283879689084
-0.0560821223386279,-0.0521343359242987
-0.0540530584656979,-0.053789624873268
-0.050472625887124,-0.0517201757350456
-0.0480606623859412,-0.0527271037512673
-0.0459200743494424,-0.0537167962149375
-0.0419378168300101,-0.0504043595809395
-0.0398774923960798,-0.0512085163906725
-0.0360067590402163,-0.0475549172017573
-0.034356032443393,-0.0485757012504224
-0.0308864481243663,-0.0449427171341669
-0.0265907401149037,-0.0396549509969584
-0.0267747549847922,-0.0433583981074687
-0.0257026022304833,-0.0449050354849611
-0.0232982426495438,-0.0423065224738087
-0.0209280162216965,-0.0397681649205813
-0.0223431902669821,-0.0441694829334234
-0.0225687732342007,-0.04404562352146
-0.0237225413991213,-0.0449249746535992
-0.0245125042244001,-0.0444447448462318
-0.0297835417370733,-0.0546951672862453
-0.0309408583981075,-0.0562419736397432
-0.0311263940520446,-0.0568602568435282
-0.030683001013856,-0.0568769854680635
-0.0299368029739777,-0.0566057789793849
-0.028069280162217,-0.0538300101385603
-0.0303399797228793,-0.0629858060155458
-0.0291105103075363,-0.0627321730314295
-0.0265981750591416,-0.061121155795877
-0.0240924298749578,-0.0593707333558635
-0.0172610679283542,-0.0458082122338628
-0.0192387630956404,-0.0562304832713755
-0.0171826630618452,-0.05529874957756
-0.014730905711389,-0.0536414329165259
-0.00938016221696519,-0.0426514025008449
-0.00729423791821561,-0.0394226089895235
-0.0102399628252788,-0.05102281176073
-0.00641032105441027,-0.0414101047651233
-0.00646586515714768,-0.0417216965190943
-0.00176703278134505,-0.028295032105441
-0.00964423791821561,-0.0446524163568773
-0.0100626360256844,-0.0384996620479892
-0.0145552720513687,-0.0425608313619466
-0.0116814971274079,-0.0303295032105441
-0.0244388306860426,-0.0506463332206827
-0.0251772558296722,-0.0440420750253464
-0.0248835755322744,-0.0363590740114904
-0.0284403514700912,-0.0371551199729638
-0.0357774586008787,-0.0452968908415005
-0.0339660358229131,-0.0363673538357553
-0.0294599526867185,-0.0233347076715106
-0.0358583981074687,-0.0311623352483947
-0.0331828320378506,-0.0225092936802974
-0.0279046975329503,-0.0100132308212234
-0.0396437985806016,-0.0285184014869888
-0.0294547144305509,-0.00802446772558297
-0.0236757350456235,0.00364055424129774
-0.0353501182832038,-0.0149893714092599
-0.0247167962149375,0.00434910442717134
-0.0186764109496452,0.015002281176073
-0.0242024670496789,0.00619237918215613
-0.0137719195674214,0.0233654950996958
-0.0152862960459615,0.0204463670158837
-0.0143720344711051,0.0213648191956742
-0.00231669482933424,0.0396786076377154
-0.0152708009462656,0.017849780331193
-0.00582387630956404,0.03149937478878
-0.00108038188577222,0.037295032105441
-0.00139256505576208,0.0350271544440689
0.00919088712402839,0.049561000337952
-0.00484357891179452,0.0257060544102737
0.00934623183507942,0.0458027036160865
0.00450547144305509,0.036538188577222
0.00857833727610679,0.0409534471105103
0.0100442548158162,0.041280500168976
0.00639251436296046,0.0337951786076377
0.0144825785738425,0.0440642108820547
0.00317551537681649,0.0250016897600541
0.0177869212571815,0.0451718485974992
0.00494779824264954,0.0240583812098682
0.0188048327137546,0.0431944913822237
0.00256508617776276,0.0182188239270024
0.0159324095978371,0.0367674890165596
-0.0045958093950659,0.00713381209868199
0.00886693139574181,0.0258450490030416
-0.012547313281514,-0.00499859749915512
0.00177118959107807,0.014775532274417
-0.0108070294018249,-0.00378489354511659
-0.00572862453531598,0.00272629266644137
-0.0174453193646502,-0.0150785738425144
-0.0113131970260223,-0.00724151740452856
-0.0124377830348091,-0.0103011152416357
-0.0158667117269348,-0.0166033964177087
-0.00656808043257857,-0.00446478540047313
-0.0203856032443393,-0.0263070294018249
-0.0099486312943562,-0.0125926495437648
-0.0224557282865833,-0.0333462318350794
0.00128712402838797,0.00109231159175397
-0.0261171003717472,-0.043868874619804
0.000747600540723217,-0.00376035822913146
-0.0252147685028726,-0.0480270361608652
0.00181431226765799,-0.00650876985468063
-0.0216851977019263,-0.0491583305170666
0.00501028725920919,-0.00665606285907401
-0.0169256674552214,-0.0486907739101048
0.00916562690098006,-0.00541243663399797
-0.0117427205136871,-0.0474699222710375
0.0135559648529909,-0.00354898614396756
-0.00963085501858736,-0.0490261912808381
0.00498171679621494,-0.0244549172017574
-0.00242997634335924,-0.0420841500506928
0.00286792835417371,-0.0363563822237242
0.00540659006421088,-0.0351084825954714
0.0111523656640757,-0.0287521966880703
0.0141323251098344,-0.0270643798580602
0.0144405373436972,-0.0349577728962487
0.0239655288948969,-0.0164105593105779
0.0156561000337952,-0.0513222372423116
0.0293203785062521,-0.0207674890165596
0.0299731328151403,-0.0303501182832038
0.0371525853328827,-0.0192497972287935
0.0418355863467388,-0.0133017911456573
0.0431892531260561,-0.0295648867860764
0.050467218654951,-0.0120096316323082
0.0536603582291315,-0.0178482223724231
0.0595787428185198,-0.00484302129097668
0.0634972963839135,0.00281318012842176
0.0671632308212234,-0.0104727103751267
0.0701706657654613,0.00619569111186211
0.0713070294018249,-0.000338670158837445
0.0717610679283542,-0.002564937478878
0.071351470091247,0.0172759952686718
0.0714045285569449,0.00100320125042244
0.0701732004055424,0.0157455221358567
0.0692358905035485,0.0079986904359581
0.0675,0.00477706995606624
0.0639472794863129,0.0231909597837107
0.061457249070632,-0.00743247718823927
0.0561412639405204,0.00520361608651572
0.0509479553903346,0.00914787090233187
0.0436480229807367,-0.0118905711388983
0.0382504224400135,0.019709344373099
0.0281191280838121,-0.0186434437309902
0.0208982764447448,-0.00803987833727611
0.0137647854004731,-0.00646603582291314
0.00363657992565056,-0.0305076039202433
-0.00130620141939845,-0.0169849104427171
-0.0092757688408246,-0.0299765123352484
-0.0145316830010139,-0.0349862622507604
-0.0177269347752619,-0.032944592767827
-0.0209055424129774,-0.0397137546468401
-0.0219214261574856,-0.039306907739101
-0.0198338965866847,-0.014334251436296
-0.0231314633322068,-0.0426760729976343
-0.0224596147347077,-0.036301655964853
-0.019224907063197,-0.0100703323758026
-0.0208793511321392,-0.0359173707333559
-0.0186233524839473,-0.0278827306522474
-0.0144989861439676,-0.00104489523487665
-0.0161377154444069,-0.0267263264616424
-0.0140380196012166,-0.0193053903345725
-0.0117191618790132,-0.0110512842176411
-0.0102316830010139,-0.0125379182156134
-0.00928736059479554,-0.0222538019601217
-0.00693639743156472,-0.0138082291314633
-0.00431498817167962,-0.000972218654950998
-0.00595748563703954,-0.0261705474822575
-0.00337315647178101,-0.017897093612707
-0.000639050354849611,-0.00891078911794525
0.00163509124704292,-0.00987747211895911
0.00505321054410274,-0.0183430212909767
0.00918413315309226,-0.0214260561000338
0.0135675904021629,-0.00961008786752281
0.018281345049003,-0.00748281514025008
0.0263011152416357,-0.0239235383575532
0.0327401149036837,-0.00962098681987158
0.0410544102737411,-0.00720825278810409
0.0496804663737749,-0.00341686380533964
0.0570919229469415,0.00465968232510983
0.0712605610003379,-0.00406944237918216
0.0805118283203785,0.0029134842852315
0.0890337952010814,0.0103406049340994
0.0966679621493748,0.0180196012166272
0.103303480905711,0.02575437647854
0.106845217979047,0.0360321054410274
0.121115241635688,0.0318488171679622
0.132301453193647,0.0318068942210206
0.134944237918216,0.0405400473132815
0.136270699560662,0.0486841838458939
0.144719499831024,0.048836093274755
0.14290469753295,0.0569085839810747
0.149332544778641,0.0572918215613383
0.144690773910105,0.0649986481919567
0.14919905373437,0.0652783034809057
0.150684352821899,0.0644716120310916
0.136025684352822,0.0704085839810747
0.137047989185536,0.0654684014869888
0.134929030077729,0.0635006759040216
0.132414667117269,0.0625349780331193
0.120268671848598,0.0674864819195674
0.118653261236904,0.0673467387630956
0.116887461980399,0.0681400811084826
0.114981412639405,0.069734031767489
0.102367860763772,0.0757069956066238
0.101748732679959,0.0776659344373099
0.101015038864481,0.080238594119635
0.0998267995944576,0.0830035484961135
0.096159344373099,0.0839192294694154
0.0917201757350456,0.0846110172355525
0.0878279824264954,0.0863053396417709
0.0727397769516729,0.0904798918553565
0.0715314295370057,0.0932342007434944
0.0707064886786076,0.0968097330179115
0.0701819871578236,0.101103413315309
0.0699063872930044,0.106103413315309
0.0697980736735384,0.111765799256506
0.0697210206150727,0.117862453531598
0.0695871916187901,0.12424467725583
0.0693399797228793,0.130831361946604
0.0689139912132477,0.137526191280838
0.0682458600878675,0.144226089895235
0.0673142953700574,0.15093781683001
0.0656824940858398,0.157242311591754
0.0739616424467726,0.165635349780331
0.0647440013518081,0.166253801960122
0.0558139574180466,0.166926326461642
0.0475359918891517,0.167921595133491
0.0520466373774924,0.175621831699899
0.0429619803987834,0.176375464684015
0.0328248563703954,0.175481581615411
0.0342034302129098,0.181275768840825
0.0233612031091585,0.178984454207503
0.0295788104089219,0.188786752281176
0.0153815647178101,0.182727272727273
0.00576870564379858,0.1790250084488
0.00928599188915174,0.185686042581953
2.96958431902682E-05,0.180626900980061
0.0034756843528219,0.186149036836769
-0.00535758702264278,0.179405204460967
-0.0130045285569449,0.172603920243325
-0.0119610848259547,0.173568773234201
-0.0253832375802636,0.159148360932748
-0.0282965528894897,0.155226427847246
-0.0400575194322406,0.140990199391686
-0.0368379520108145,0.143387968908415
-0.0491782696857046,0.126894221020615
-0.0569092598850963,0.114989016559649
-0.0533666779317337,0.116799594457587
-0.0595868536667793,0.105969753295032
-0.0645407232173031,0.0964606285907401
-0.0593678607637715,0.100843697194998
-0.063868874619804,0.0919048665089557
-0.0686841838458939,0.0829971274079081
-0.0674976343359243,0.0851620479891855
-0.0752884420412302,0.0739329165258533
-0.0818774923960797,0.064733186887462
-0.0875001689760054,0.0572220344711051
-0.087907063197026,0.0618164920581277
-0.0966715106454883,0.0520765461304495
-0.103658330517067,0.0448528218992903
-0.102362284555593,0.0583732679959446
-0.109319026698209,0.0494690773910105
-0.113592429874958,0.0463746198039878
-0.116855356539371,0.0447663061845218
-0.119123014531936,0.0444690435958094
-0.120919229469415,0.0448180128421764
-0.123585670834741,0.0443217472118959
-0.127090233186887,0.0428554579249747
-0.129738087191619,0.0419986312943562
-0.131613720851639,0.0415969246367016
-0.133092260898952,0.0410054917201757
-0.133200405542413,0.0410420750253464
-0.131814802298074,0.0417391010476512
-0.131101723555255,0.0213451672862454
-0.126105103075363,0.0300629266644137
-0.120155457924975,0.0346549847921595
-0.112820209530247,0.0397297566745522
-0.104491382223724,0.0448854342683339
-0.0975566069618114,0.0477602230483271
-0.0927391010476512,0.0477162554917202
-0.0891534302129098,0.031433406556269
-0.0860392024332545,0.0306814464346063
-0.0847801622169652,0.0275041061169314
-0.0874009800608314,0.0199894727948631
-0.088504562352146,-0.00142181480229807
-0.0887563366002028,-0.00482985806015546
-0.086355187563366,-0.00586662723893207
-0.0821835079418723,-0.00532979046975329
-0.0772875971612031,-0.0199412470429199
-0.0731615410611693,-0.0171912301453194
-0.0679259885096316,-0.0134061084825955
-0.0612928354173707,-0.024644812436634
-0.055631125380196,-0.0180016897600541
-0.0521786076377154,-0.0135552044609665
-0.0506691449814126,-0.0110504562352146
-0.0472081784386617,-0.0287170496789456
-0.046238594119635,-0.0194623183507942
-0.0447752619128084,-0.0144688239270024
-0.0433061845217979,-0.00946970260223048
-0.0402857384251436,-0.0185996620479892
-0.0390704629942548,-0.0114451706657655
-0.0380207840486651,-0.00464072321730314
-0.0372872592091923,-0.01512156133829
-0.0410581277458601,-0.0111247600540723
-0.0447757688408246,-0.0074982595471443
-0.0443585670834741,-0.0180682156133829
-0.0465863467387631,-0.0113183338965867
-0.0447193308550186,-0.0199172017573505
-0.0457242311591754,-0.0107800101385603
-0.0417843866171004,-0.0227720344711051
-0.0427326799594458,-0.00737357215275431
-0.0421615410611693,0.00299165258533288
-0.0420202771206489,-0.00596478540047313
-0.0459621493747888,0.000127323420074349
-0.0448318688746198,-0.00855765461304495
-0.0472015883744508,-0.00086595133491044
-0.0444327475498479,-0.00884942548158162
-0.0455314295370058,-8.3203785062521E-05
-0.0416743832375803,-0.00793201588374451
-0.0364971274079081,-0.0194986481919567
-0.0440042244001352,-0.0104125887124028
-0.0525816154106117,-0.00980815816154106
-0.053781345049003,-0.021748563703954
-0.0595535653937141,-0.0187409597837107
-0.0576380533964177,-0.0285904021628929
-0.0604790469753295,-0.0229656978709023
-0.0558212233862792,-0.0309525177424806
-0.050490875295708,-0.0373371071307874
-0.0502788104089219,-0.0274133153092261
-0.041685873605948,-0.0370368367691788
-0.0415408921933086,-0.0215637039540385
-0.0392843866171004,-0.0112337783034809
-0.0344254815816154,-0.0179820378506252
-0.0321228455559311,-0.026314126394052
-0.0362091922946942,-0.0206990537343697
-0.0325219668807029,-0.028238594119635
-0.0347681649205813,-0.0207312267657993
-0.0295525515376816,-0.0272369043595809
-0.0304567421426157,-0.0183622845555931
-0.0225011828320378,-0.0283521459952687
-0.0243465697870902,-0.0146174552213586
-0.0183844204123015,-0.0183876816492058
-0.0181740283879689,-0.00830204460966543
-0.0167144981412639,-0.0172499155119973
-0.0251594964515039,-0.0159409766813113
-0.0254575363298412,-0.0273575532274417
-0.024991280838121,-0.0370569111186212
-0.0315885434268334,-0.032743156471781
-0.0265358229131463,-0.0443136194660358
-0.0331010476512335,-0.0347126900980061
-0.0359180466373775,-0.0287272727272727
-0.0306644136532612,-0.0340956066238594
-0.0251840655626901,-0.038422000675904
-0.0263359242987496,-0.0299488002703616
-0.0196525515376816,-0.0340543088881379
-0.0130720344711051,-0.0374088374450828
-0.00476894221020615,-0.043704967894559
-0.00731988847583643,-0.0294834234538696
-0.007195437647854,-0.0199379858060155
-0.00170178066914498,-0.0237745860087868
0.00188930381885772,-0.0288334741466712
-0.00173391348428523,-0.0228729300439338
0.00224950996958432,-0.0287374112875972
0.0062200405542413,-0.0338796214937479
0.00351870733355863,-0.0270484961135519
0.0100283541737073,-0.0356437985806016
0.00614528556944914,-0.0259586684690774
0.0104373774923961,-0.0304382054748226
0.00871809733017911,-0.0245479891855357
0.013033812098682,-0.0300179283541737
0.00668562690098006,-0.0297988340655627
0.00559721189591078,-0.0415567759378168
0.00467369043595809,-0.0522725582967219
-0.00268267657992565,-0.0529378168300101
0.0010233186887462,-0.0638791821561338
-0.00580184183845894,-0.0603690435958094
-0.0122098850963163,-0.0623889827644474
-0.0111866002027712,-0.0714868198715782
-0.0173850963163231,-0.0739035147009125
-0.0155340148698885,-0.082397938492734
-0.0205883068604258,-0.0839109496451504
-0.0170622592091923,-0.0905831361946603
-0.0206337445082798,-0.0906426157485637
-0.0157960594795539,-0.0956113551875634
-0.00887664751605272,-0.100758702264278
-0.0135696181142278,-0.0971512335248395
-0.0152062943562014,-0.0950907401149037
-0.0096653937140926,-0.0969359580939507
-0.00434293680297398,-0.0978582291314633
-0.00584158499493072,-0.0941051030753633
-0.000143747887799932,-0.094098344035147
0.00518166610341332,-0.0933749577559986
0.0120121764109496,-0.093036498817168
0.00763611017235553,-0.0868680297397769
0.000989692463670159,-0.0867984116255492
0.00249655288948969,-0.0879579249746536
0.00419209192294694,-0.088108313619466
0.00605168976005407,-0.087355187563366
0.00802832037850625,-0.0857984116255492
0.00299664582629267,-0.0816049340993579
0.00806740452855694,-0.0795860087867523
0.00206637377492396,-0.0740822913146333
0.00515676579925651,-0.0706748901655965
0.00794560662385941,-0.0671556269009801
0.0092808719161879,-0.0647396079756674
0.00103803649881717,-0.0633764785400473
-0.000434454207502535,-0.0643063534978033
-0.000106910611693139,-0.0655147009124704
-0.0138314126394052,-0.067442717134167
-0.0154235890503549,-0.067755998648192
-0.0184167962149375,-0.0693305170665765
-0.0228041162554917,-0.0721885772220345
-0.0272995268671849,-0.0750540723217303
-0.0275762081784387,-0.0759359580939507
-0.0425961473470767,-0.0786510645488341
-0.0434237918215613,-0.0775591416018925
-0.0431367015883745,-0.0753612706995607
-0.0418548496113552,-0.072204967894559
-0.0397274417032781,-0.0682343697194998
-0.0340708009462656,-0.0631334910442717
-0.0434653599188915,-0.0599545454545454
-0.0396708347414667,-0.0541882392700237
-0.0355386955052383,-0.0481765799256506
-0.0216441196350118,-0.0408293342345387
-0.0155843021290977,-0.0346486988847584
-0.0250307874281852,-0.0303066914498141
-0.0252522135856708,-0.0278783372761068
-0.0279486650895573,-0.0281081446434606
-0.0189373943899966,-0.025696688070294
-0.0184010223048327,-0.0248117607299763
-0.0352695167286245,-0.0268065224738087
-0.0360802636025684,-0.0247409597837107
-0.0249511997296384,-0.0201757350456235
-0.0255464177086854,-0.017663061845218
-0.0222682832037851,-0.0145331192970598
-0.0295640757012504,-0.0153362622507604
-0.0326085113213924,-0.0151203109158499
-0.0222104427171342,-0.0120313957418047
-0.0208703954038527,-0.0104464177086854
-0.0381650895572829,-0.0115842345386955
-0.0268161203109158,-0.0076271375464684
-0.0273842852314971,-0.00564053734369719
-0.0111896586684691,-0.00133307705305847
-0.0294317167962149,-0.00354371578235891
-0.0198131463332207,-0.00214425481581615
-0.0224749577559986,-0.00301586346738763
-0.00742786414329165,-0.000677575194322406
-0.026190655626901,-0.00456559479553903
-0.0154040216289287,-0.00313632984116255
-0.00465817843866171,-0.00191753464008111
-0.00363031429537006,-0.00286003717472119
-0.0239203497803312,-0.0102208009462656
-0.0157666441365326,-0.0124388982764447
-0.00717228793511321,-0.0141372592091923
-0.00876503886448124,-0.0187475498479216
-0.0180666272389321,-0.0255371747211896
-0.00884616424467726,-0.0260462994254816
0.00457663061845218,-0.0244758364312268
-0.0185034471105103,-0.0361797904697533
-0.0106862115579588,-0.0371654275092937
-0.00197069956066239,-0.0368293342345387
-0.00268921933085502,-0.0394440689422102
-0.0106329807367354,-0.0443984454207503
-0.000555424129773572,-0.0414550523825617
0.0133639574180466,-0.0362473808719162
-0.00658120986819871,-0.0449351132139236
0.000989151740452854,-0.043141094964515
0.0262102230483271,-0.0323031429537006
0.00287818519770193,-0.0431116931395742
0.0103247718823927,-0.0391664413653261
0.018150219668807,-0.0344976343359243
0.016916998986144,-0.0335533964177087
0.00832286921257181,-0.0356488678607638
0.0160410890503548,-0.0299729638391348
0.0273085501858736,-0.0224484623183508
0.0168231835079419,-0.0249302129097668
0.0224220851639067,-0.0198456742142616
0.0317139236228456,-0.0129943899966205
0.00841574856370395,-0.0210630280500169
0.0136766204798919,-0.0157231497127408
0.0352015883744508,-0.00316294356201419
0.00929847921595134,-0.0125764954376479
0.00866176072997634,-0.0123446941534302
0.027644812436634,-0.00209656978709023
-0.00626743832375803,-0.0184597161203109
-0.00522254139912133,-0.0162043088881379
-0.00237930043933761,-0.0127832358905035
-0.00807855694491382,-0.0128416356877323
-0.00777407908077053,-0.00925065900642109
-0.00247238932071646,-0.00356079756674552
-0.00583137884420412,-0.00136666103413315
-0.00591399121324772,0.00147633153092261
-0.00144063872930044,0.00574586008786752
-0.00646003717472119,0.00581704967894559
-0.00523639743156472,0.00923541737073336
0.0173740030415681,0.019961811422778
-0.00629334234538696,0.0149554410273741
-0.000699746535991891,0.0193298242649544
0.0218435113213924,0.0286988847583643
-0.015018654950997,0.0094743156471781
-0.00374923960797567,0.0101239101047651
-0.00196142277796553,0.00680898614396756
-0.0259231159175397,-0.00855826292666441
-0.0254604596147347,-0.0113538357553227
-0.0182212064886786,-0.0104440182494086
-0.0343915174045286,-0.0197746367015884
-0.0141150557620818,-0.0117087360594796
-0.0187527205136871,-0.0148398952348766
-0.029255998648192,-0.0203480905711389
-0.00663910104765123,-0.0104917539709361
-0.00772142615748564,-0.0114249239607976
-0.0150266644136533,-0.0153670834741467
0.00786258871240284,-0.0051490030415681
0.0081858905035485,-0.00555216289286921
0.00223790131801284,-0.00934068942210206
0.0236818181818182,0.000113861101723556
0.0231527881040892,-0.00159668807029402
0.0157884927340318,-0.00759295370057452
0.0243313619466036,-0.0050167624197364
0.0360003379520108,-0.000268862791483609
0.0287926495437648,-0.00666453193646502
0.0349013856032443,-0.00573683676917878
0.0438575532274417,-0.00252529570800946
0.0304053396417709,-0.0151824940858398
0.0334618621155796,-0.0161966711726935
0.0403120986819872,-0.0136971949983102
0.0286970767151065,-0.0243704275092937
0.0325312098681987,-0.0234190435958094
0.0398004393376141,-0.0190932747549848
0.0295614836093275,-0.0282436971949983
0.0320877154444069,-0.0275251098344035
0.0377821899290301,-0.0235201081446435
0.0248577053058466,-0.0351987833727611
0.0271715106454883,-0.0336007096992227
0.0330971612031092,-0.0281421088205475
0.0206213247718824,-0.0391622169651909
0.0324957755998648,-0.0278367691787766
0.0252587022642785,-0.0336194660358229
0.0124287935113214,-0.0448545116593444
0.0248658330517067,-0.0317595471443055
0.0190273065224738,-0.0358632984116255
0.00803643291652585,-0.0452375802636026
0.0212276106792835,-0.0304285231497127
0.0167510645488341,-0.032961811422778
0.00730939337614059,-0.0406468401486989
0.0209466035822913,-0.0246297397769517
0.017647718823927,-0.0257825278810409
0.00974332544778641,-0.0317943393038189
0.0235452855694491,-0.015095657316661
0.0213102399459277,-0.0150374450827982
0.0105857553227442,-0.0237268333896587
0.0227595471443055,-0.00837257519432241
0.0184860425819534,-0.0102484116255492
0.0103197363974316,-0.016206657654613
0.0149619128083812,-0.00871485299087529
0.0223837445082798,0.00161993916863805
0.0163894896924637,-0.00201919567421426
0.019940655626901,0.0043458938830686
0.0258099019939169,0.0129484504900304
0.0053860594795539,-0.00517696857046299
0.00709335924298749,-0.000722592091922946
0.00938239270023657,0.00412391010476512
0.00520010138560324,0.00240527205136871
-0.00493746198039878,-0.00506770868536668
-0.0015622000675904,0.000593680297397771
0.0051677593781683,0.0091519094288611
-0.0110546806353498,-0.00410292328489355
-0.00558109158499493,0.00324741466711727
0.000429503210544103,0.0107666441365326
0.000517563366002027,0.0126439626563028
-0.0112784217641095,0.00400267995944576
-0.00328820547482258,0.013106437985806
0.00474846231835079,0.0218428692125718
0.0069347938492734,0.0253127745860088
-0.00229961135518756,0.019374782020953
0.00443668469077391,0.0263152754308888
0.00941247042919905,0.0310947042919905
0.00547893883068604,0.0278795201081446
-0.0148428861101724,0.0109525515376816
-0.011568063534978,0.0136138560324434
-0.0168777120648868,0.00933781851977019
-0.00820192632646164,0.0160551706657655
-0.024092531260561,0.0039217843866171
-0.0172906179452518,0.00952740790807705
-0.019067624197364,0.00865871916187902
-0.00786167117269348,0.0171935789117945
-0.0228808550185874,0.0065042750929368
-0.0255951165934437,0.00478672524501521
-0.0176470091247043,0.0107575194322406
-0.019055873605948,0.0102982257519432
-0.0166690266982089,0.0125810746873944
-0.0208807536329841,0.0107420412301453
-0.0138659513349104,0.0157006083136195
-0.0173863298411626,0.0137026022304833
-0.016920125042244,0.0144158161541061
-0.0228002703616087,0.0118146671172693
-0.0249427847245691,0.0118260054072322
-0.0160707333558635,0.018162250760392
-0.0150152247380872,0.0200454545454545
-0.021360594795539,0.0183776444744846
-0.0279501689760054,0.0151527712064887
-0.023009749915512,0.0176363636363636
-0.0278235890503548,0.0145035822913146
-0.0395816661034133,0.00906596823251098
-0.0339506421088206,0.0128350118283204
-0.0406988847583643,0.0108208854342683
-0.0424472794863129,0.0113560662385941
-0.0520680973301791,0.00959067252450152
-0.0434741466711727,0.0159020446096654
-0.0302450152078405,0.023433592429875
-0.0515648867860764,0.0199527881040892
-0.0539631632308212,0.0240386955052383
-0.042070125042244,0.0322554917201757
-0.0260167455221359,0.0405456235214599
-0.0437325109834404,0.042159344373099
-0.0308663349104427,0.0505762081784387
-0.0175599019939169,0.0580953024670497
-0.0130720513687056,0.0641654275092937
-0.0142674552213586,0.0714139912132477
0.000579249746535992,0.0789388306860426
0.0180455424129774,0.0846022304832714
0.00500784048665089,0.0897921595133491
0.0116189084150051,0.0869690773910105
0.0132333558634674,0.0780397093612707
-0.00313844204123014,0.0589144981412639
-0.0352404528556945,0.0300721527543089
-0.0379523825616762,0.0148658533288273
-0.0322409597837107,0.00461260561000338
-0.0662960459614735,-0.0178927002365664
-0.0421957418046637,-0.0176538695505238
-0.0291340486650896,-0.0200843190266982
-0.0536105103075363,-0.0348883068604258
-0.0406726427847246,-0.0354743156471781
-0.0268000168976005,-0.0347918215613383
-0.0224756196350118,-0.0369733017911457
-0.0249501520784049,-0.0416606961811423
-0.0092905187563366,-0.0386552889489692
0.00966730483271376,-0.0333639743156472
-0.00378005745184184,-0.042065562690098
0.0116907570125042,-0.0379493071983778
0.0265005069280162,-0.0332957080094627
0.0322254139912132,-0.0324810746873944
0.0413437985806016,-0.0298333896586685
0.0528227441703278,-0.0252200067590402
0.0557313281514025,-0.0246522473808719
0.0522429874957756,-0.0276427847245691
0.0604922271037513,-0.0239602906387293
0.0706113551875634,-0.0182999324095978
0.0445540723217303,-0.0386781007096992
0.0571005407232173,-0.0317080094626563
0.0609704291990537,-0.0295462994254816
0.0349609665427509,-0.0488866171003717
0.047745843190267,-0.038695843190267
0.0521860425819534,-0.0337500844880027
0.0281638171679621,-0.0502578573842514
0.0405548513011152,-0.0383071983778304
0.044986312943562,-0.0318666779317337
0.0169940858398107,-0.0518438661710037
0.0278614396755661,-0.0400299087529571
0.0308149712740791,-0.0342022642784725
0.0146141939844542,-0.0439866508955728
0.0150182832037851,-0.0397992565055762
0.0198045116593444,-0.0318105778979385
0.00565265292328489,-0.0393739438999662
0.0186049340993579,-0.024447718823927
0.0118391517404529,-0.0258207164582629
0.00706363636363636,-0.025888188577222
0.0225195505238256,-0.00930963163230821
-0.00945917539709361,-0.0324748225751943
-0.0108785062521122,-0.0300382730652247
0.00595152078404867,-0.0128387732342007
-0.0231363467387631,-0.0328964177086854
-0.00960407232173031,-0.0183047989185536
-0.00418894896924637,-0.010662031091585
-0.0201296045961473,-0.0196600202771206
-0.00580827982426496,-0.00524790469753295
-0.0135322068266306,-0.00807666441365326
-0.0179631632308212,-0.00845589726258871
0.000425417370733356,0.00780207840486651
-0.032807874281852,-0.0145278979384927
-0.0321860594795539,-0.0111828320378506
-0.011662656302805,0.00572426495437648
-0.0412075025346401,-0.0116956404190605
-0.0243047313281514,0.00306623859411963
-0.0163623183507942,0.0110134335924299
-0.0430794187225414,-0.00221035147009125
-0.0243810746873944,0.0129725413991213
-0.0148226427847246,0.0216466711726935
-0.0290067590402163,0.0170737749239608
-0.0263810577897938,0.0210140588036499
-0.0186076225076039,0.0269354511659344
-0.0379658668469077,0.0179878337276107
-0.0353677389320716,0.0214081277458601
-0.026569905373437,0.0274264954376479
-0.0431810915849949,0.0223892531260561
-0.0381125042244001,0.0277485130111524
-0.0271571645826293,0.0348835755322744
-0.0418378337276107,0.0327671510645488
-0.0353471713416695,0.0389136532612369
-0.0232590233186887,0.046061845217979
-0.0527678269685705,0.0398624535315985
-0.030421595133491,0.0500532274417033
-0.0187774248056776,0.0557169651909429
-0.0474533626225076,0.0530778979384927
-0.0388802467049679,0.0599687394389997
-0.009137343697195,0.0685787428185198
-0.0372402838796891,0.0692510983440351
-0.0290582460290639,0.0749214261574856
-0.020004281851977,0.0794656978709023
-0.0220608093950659,0.0826794525177425
-0.0323068604258195,0.087453531598513
-0.00628267995944576,0.0912453531598513
-0.00706507265968233,0.0955745184183846
-0.015302281176073,0.102666441365326
-0.00609290300777289,0.104222710375127
0.0073995437647854,0.103163230821223
-0.0176786752281176,0.108937140925988
0.00683896586684691,0.106296045961473
0.0203093274754985,0.104004731328151
-0.00260630280500169,0.112276106792835
0.00797728962487327,0.111649205812775
0.0187777965528895,0.109587698546806
0.019840469753295,0.110437647854005
0.00996432747549848,0.111424467725583
0.0185277627576884,0.105567759378168
0.0310603244339304,0.0972456911118621
0.00838813788442041,0.103071983778303
0.0169761405880365,0.0964464346062859
0.0253702264278472,0.0887215275430889
0.0236351639067252,0.0845098006083136
0.000151284217641095,0.0872558296721865
0.0078718654950997,0.0774337614058803
0.0160545792497465,0.0676127069956066
0.0146285907401149,0.0622985806015546
-0.00584920581277459,0.0671416018925313
0.00437010814464346,0.0590170665765461
0.00264616424467725,0.0576162554917202
0.0180761912808381,0.0474063872930044
0.00204129773572153,0.0570532274417033
0.00364665427509294,0.0585420750253464
0.00662554917201757,0.0604214261574856
0.021182156133829,0.0540299087529571
0.027276782696857,0.0541610341331531
0.014631970260223,0.0658960797566746
0.0265748225751943,0.0585495099695843
0.0255055762081784,0.0576975329503211
0.022111186211558,0.0538524839472795
0.0201693815478202,0.0451955052382562
0.0120940689422102,0.0438877999324096
0.00961899290300777,0.042075532274417
0.0199273403176749,0.0328310239945928
0.0222103413315309,0.0311522473808719
0.00955376816492058,0.0462548158161541
0.0121892024332545,0.0501855356539371
0.024873876309564,0.0440566069618114
0.0271707164582629,0.0486919567421426
0.0324597837107131,0.0496911118621156
0.023082375802636,0.0687296383913484
0.0313502534640081,0.0587558296721866
0.0279259885096316,0.0579898614396756
0.0377299763433592,0.0421346738763096
0.0203248563703954,0.0564437309901994
0.0181339979722879,0.0577282865833052
0.0163213078742819,0.0583786752281176
0.0249281851977019,0.0470243325447786
0.0259045285569449,0.0447272727272727
0.0122136025684353,0.0618908415005069
0.0113590064210882,0.0625162216965191
0.0205951334910443,0.0509641770868537
0.0204467725582967,0.0525767151064549
0.0238839134842852,0.0502492396079757
0.0145515376816492,0.0694978033119297
0.0253053565393714,0.0584687394389997
0.0276025295708009,0.0608813788442041
0.0302770699560662,0.0624952686718486
0.035256843528219,0.059019094288611
0.0235273168300101,0.0729312267657992
0.0222318519770193,0.0677225413991213
0.0299659513349104,0.0498545116593444
0.0293610256843528,0.0463208854342683
0.0317429874957756,0.0388283203785062
0.0227393798580602,0.0535371747211896
0.0246515545792497,0.0505508617776276
0.0268693477526191,0.0472972287935113
0.0272134724569111,0.0416961811422778
0.0183273065224738,0.0470216289286921
0.0182990875295708,0.0377776275768841
0.0212558296721865,0.0256167455221359
0.0124317167962149,0.0345294525177425
0.00944824264954376,0.0226428692125718
0.0070692125718148,0.0115422777965529
0.00575266982088543,0.00173587360594796
0.00562108820547482,-0.00655384454207502
-0.000928962487326799,-0.000997837107130788
0.00444300439337614,-0.0112046367015884
-0.000263230821223387,0.000270192632646164
0.00525885434268334,-0.00313034809057114
0.0100866846907739,-0.00671064548834066
0.0148879520108145,-0.00980689422102061
0.0190132984116255,-0.0130215782358905
0.0236674552213586,-0.0205594119635012
0.0114892024332545,-0.0143808212233863
0.00216341669482934,-0.0128007772896249
0.00286853666779317,-0.0198002703616087
0.00501255491720176,-0.0248899966204799
0.00831510645488341,-0.0283311929705982
0.0125172862453532,-0.0303442041230145
0.019064937478878,-0.0346071307874282
0.0169958938830686,-0.0186671172693478
0.0230960121662724,-0.0174221020615073
0.0290684352821899,-0.0159728455559311
0.0282532950321054,-0.00459094288611017
0.0323681987157824,-0.00670194322406218
0.0359629942548158,-0.00892399459276783
0.0402461980398783,-0.0147934437309902
0.0323423453869551,-0.00595871071307874
0.0294506590064211,-0.013529469415343
0.0240328540047313,-0.0233100371747212
0.0114535147009125,-0.0246576208178439
0.00801510645488341,-0.0339611524163569
0.0061318688746198,-0.0412899628252788
0.0075033626225076,-0.0493930381885772
0.000301943224062183,-0.041005407232173
-0.00249183001013856,-0.0343793173369382
0.00189986481919567,-0.0357486143967557
0.00686760729976343,-0.036035248394728
0.0120520784048665,-0.0356077728962487
0.0171898614396756,-0.0347028894896925
0.0173645657316661,-0.0236483609327476
0.0234621493747888,-0.0268496113551876
0.0127962656302805,-0.0232860425819534
0.0111204291990537,-0.0289644981412639
0.0101602906387293,-0.0334168638053396
0.00313665089557283,-0.0299789793849273
0.00128538357553227,-0.0361515714768503
-0.00116879013180128,-0.0423827306522474
-0.0010868874619804,-0.0495677593781683
-0.0100812436633998,-0.0430675904021629
-0.0146224907063197,-0.0373862791483609
-0.0115026191280838,-0.0377521122000676
-0.00766626394052044,-0.0369901993916864
-0.0033260561000338,-0.0353581784386617
-0.00392176410949645,-0.0247622338627915
0.00165540723217303,-0.0229266644136533
0.0085307874281852,-0.023369719499831
0.00629276782696857,-0.0105827475498479
0.00257615748563704,-0.0168310746873944
-0.00879837783034809,-0.017850811084826
-0.0144769178776614,-0.0272860763771544
-0.0189986127069956,-0.0353242649543765
-0.0217579925650558,-0.0413445420750253
-0.0306674552213586,-0.0395530584656979
-0.0270495099695843,-0.0443300101385603
-0.0338756336600203,-0.03752906387293
-0.0300179114565732,-0.037468063534978
-0.0277629266644136,-0.0388060155457925
-0.0271541906049341,-0.0416025684352822
-0.0348653261236904,-0.0392367353835755
-0.0319242987495776,-0.0409734707671511
-0.025718654950997,-0.043033626225076
-0.0307041230145319,-0.0344574180466374
-0.0246405035484961,-0.0320675904021629
-0.0180598513011152,-0.0289525177424806
-0.011209344373099,-0.0253707333558635
-0.00441372085163907,-0.0216220851639067
0.00394749915511997,-0.0199362960459615
-0.00500660696181142,-0.0139544609665428
-0.00697925988509632,-0.0181688915174045
-0.00741765799256505,-0.0207281176072998
-0.00669760054072322,-0.0220273403176749
-0.00500359918891517,-0.0222298073673538
-0.000333827306522474,-0.0231841838458939
-0.00991121831699899,-0.0168607130787428
-0.01235375126732,-0.0206432071645826
-0.0130195843190267,-0.0226208685366678
-0.0123626765799256,-0.023264751605272
-0.0105757705305847,-0.0227460459614735
-0.00556617100371747,-0.0228572152754309
-0.0122432071645826,-0.0129780162216965
-0.0080987563366002,-0.0097073842514363
-0.00640535653937141,-0.00893060155457925
-0.00752772220344711,-0.0110258702264278
-0.0100356539371409,-0.0145373605947955
-0.0093809564041906,-0.0188828996282528
-0.0219903176748902,-0.0143722541399121
-0.0207833051706658,-0.0138798259547144
-0.0100132308212234,-0.0172385096316323
-0.007934437309902,-0.0144488509631632
-0.00262053058465698,-0.0126337614058804
-0.0107223335586347,-0.00162240114903684
-0.0119535653937141,-0.00216926326461642
-0.0147200236566408,-0.00448847583643123
-0.0163957755998648,-0.00596919229469415
-0.0164417370733356,-0.00604128083812099
-0.0124563028050017,-0.00655523825616762
-0.0217208854342683,0.00329356201419398
-0.0177009293680297,0.00726250422440014
-0.0130264618114228,0.0116171848597499
-0.00920616762419737,0.0148462064886786
0.00542010814464346,0.0086577999324096
-0.00973055086177763,0.0146050016897601
-0.0118044778641433,0.013551030753633
-0.0124074518418385,0.0136046637377492
-0.0118055086177763,0.0144834302129098
-0.0107508786752281,0.0154956404190605
-0.00710239945927678,0.0141068266306185
-0.0200768536667793,0.02209749915512
-0.0185475836431227,0.0232650219668807
-0.0160068942210206,0.0250469246367016
-0.0126348276444745,0.0272624197363974
0.0031112875971612,0.0193750253464008
-0.00551623859411964,0.033430719837783
-0.00634959445758702,0.0329704291990537
-0.00808431902669821,0.0311831699898614
-0.00904678945589726,0.0296889151740453
-0.00886576546130449,0.0288932071645826
-0.00485596485299088,0.0263191956742143
-0.0171067759378168,0.0360424129773572
-0.0168708516390673,0.0346906049340994
-0.0155901993916864,0.0339192294694153
-0.0133381040892193,0.0336683001013856
0.00226446434606286,0.022270530584657
-0.00787681649205813,0.0356879013180128
-0.0053429874957756,0.0373957418046637
-0.00246679621493748,0.0389302129097668
0.000965528894896924,0.0405131801284218
0.00442817167962149,0.0416873943899966
0.0100183507941872,0.0390371747211896
-0.000474315647178099,0.0509155119972964
0.00111824940858398,0.0496189591078067
0.000474417032781345,0.0456906049340994
0.00891723555255154,0.0311982088543427
0.0081136312943562,0.0230759547144305
-0.0108441365326124,0.0280385265292328
-0.0134117438323758,0.0235492565055762
-0.0143663906725245,0.0202248225751943
-0.0138401993916864,0.0179502534640081
-0.0120159175397094,0.0166231497127408
-0.00628093950659006,0.0131232342007435
-0.0147631970260223,0.0273669144981413
-0.00983523149712741,0.0287919516728625
-0.00640500168976006,0.0284050861777628
0.00597252450152078,0.016758279824265
0.00982233862791484,0.0128925819533626
-0.000489371409259886,0.0272016897600541
0.00293154782020953,0.0286427678269686
0.0069820750253464,0.0303635687732342
0.00878055086177763,0.029497313281514
0.00871971949983102,0.0265133322068266
0.0110951841838459,0.0198072828658331
-0.00084227779655289,0.0316666103413315
0.00125123352483947,0.0306612267657993
0.0128725920919229,0.0191200236566408
0.0140910780669145,0.0191922102061507
0.0169490030415681,0.0146137039540385
0.0038757688408246,0.0272985974991551
0.00455598175059142,0.0264569787090233
0.00293558634673876,0.0229723893207165
0.000396079756674552,0.0182177424805678
-0.00177460290638729,0.0135467167962149
0.000354859749915512,0.00682208516390673
-0.0120614633322068,0.0193396924636702
-0.0100687428185198,0.018608905035485
-0.00852213585670835,0.0171421088205475
0.00264410273741129,0.00397656302805002
0.00565993578911795,-0.000113766475160527
-0.00967654613044948,0.0116433254477864
-0.0140770868536668,0.00620702940182494
-0.0163996620479892,0.00244028387968908
-0.0170717370733356,-8.66846907739104E-05
-0.0162923284893545,-0.00150550861777628
-0.0113252619128084,-0.00533151402500845
-0.0213162521122001,0.0106075532274417
-0.00770731666103413,0.00135902331868875
-0.00383886448124366,0.00475353159851301
0.000668587360594795,0.00834981412639405
0.00815745691111862,0.00815098006083136
0.00164356201419398,0.0289118621155796
0.0130835079418723,0.0181857553227442
0.013256218316999,0.0186711997296384
0.0128017911456573,0.0179559141601893
0.0158218570462994,0.0137745184183846
0.00471820209530247,0.0305287428185198
0.0155606961811423,0.0193422946941534
0.0153965528894897,0.0196636363636364
0.0130388644812437,0.0171074518418385
0.0113641939844542,0.00818986143967557
-0.00510757012504224,0.0194330348090571
0.00363766475160527,0.00586701588374451
0.00308638053396418,0.00545119972963839
0.00404086853666779,0.00578644812436634
0.00884202433254478,0.00292029401824941
0.00120887124028388,0.0221233524839473
0.0143112031091585,0.0123927002365664
0.0191084825954714,0.0165323589050355
0.0245880584656979,0.0205517235552552
0.0325206150726597,0.0200946772558297
0.0297855187563366,0.0425571138898276
0.0409849611355188,0.030406437985806
0.0448986143967557,0.0325836296045961
0.0487336938154782,0.0338607975667455
0.0538700574518418,0.0297626056100034
0.0473197026022305,0.0459386617100372
0.0564320716458263,0.0314426833389659
0.0598399797228794,0.0319443562014194
0.0640375126732004,0.0325846738763096
0.0698690435958094,0.028785282189929
0.0701806353497803,0.0494753295032105
0.0750697870902332,0.0489548834065563
0.0802271037512673,0.0482348766475161
0.0854964515038864,0.0473024670496789
0.0906978709023319,0.0461610341331531
0.0959057113889828,0.0400403852652923
0.0997178100709699,0.0600422440013518
0.1035062521122,0.0572009124704292
0.105076039202433,0.0522482257519432
0.105789117945252,0.04659749915512
0.106262250760392,0.0409275092936803
0.106551199729638,0.03087656302805
0.108526529232849,0.0471275768840825
0.109967894558973,0.0560777289624873
0.108044947617438,0.046394626563028
0.10621155795877,0.0371893225751943
0.104714430550862,0.0287191618790132
0.103617776275769,0.0211010392024333
0.106010476512335,0.0303565731666103
0.104575870226428,0.017675532274417
0.105898952348766,0.0276425481581615
0.103921933085502,0.0182941432916526
0.106334910442717,0.0244424636701588
0.10561845217979,0.0157424129773572
0.105201081446435,0.00807754477864143
0.109761743832376,0.0160122169651909
0.107396079756675,0.00628586346738763
0.110177424805678,0.011741280838121
0.105239945927678,-0.00287326799594458
0.111588374450828,0.00845370057451842
0.116581615410612,0.0151283541737073
0.112392700236566,0.00495400473132815
0.110476512335248,0.00516502365664076
0.101061169313957,-0.00923134842852315
0.0987031091584995,-0.00883609327475499
0.09735062521122,-0.00781039202433254
0.0896789455897262,-0.0193711388982764
0.0904334234538696,-0.015338999662048
0.0902069956066238,-0.0124053058465698
0.0806649205812775,-0.0244408583981075
0.078985468063535,-0.0220380196012166
0.0676623859411964,-0.0362438323758026
0.0709978033119297,-0.0265150388644812
0.0730221358567083,-0.0198801960121663
0.0734288611017236,-0.015026157485637
0.0623528218992903,-0.0261466711726935
0.0609758364312268,-0.0226461642446773
0.0529204123014532,-0.0303002703616086
0.0549918891517404,-0.0231982088543427
0.0489361270699561,-0.0286591753970936
0.0537566745522136,-0.0189533457249071
0.0488524839472795,-0.0233327137546468
0.0533487664751605,-0.0143279655288949
0.0415202771206489,-0.0267797059817506
0.0392487326799594,-0.0239858060155458
0.0289896924636702,-0.0338243832375803
0.0288168300101386,-0.0305701081446435
0.0217238999662048,-0.0376186380533964
0.0255844880027036,-0.0310380196012166
0.0212069280162217,-0.0357798918553565
0.0182390841500507,-0.0389862284555593
0.0264781345049003,-0.0286728624535316
0.019168874619804,-0.036990030415681
0.0226417877661372,-0.0313377323420074
0.0146278979384927,-0.0398218485974992
0.008655187563366,-0.0461054410273741
0.0139347245691112,-0.0396478202095302
0.0110066069618114,-0.0429529570800946
0.00969043595809395,-0.0444434606285907
0.00646549509969585,-0.0479001351808043
0.0229519263264616,-0.0300770530584657
0.026040469753295,-0.0268573842514363
0.029386093274755,-0.0231938154782021
0.0326666948293342,-0.0194189422102062
0.0355947955390335,-0.0158440351470091
0.0497696857046299,-0.000701892531260559
0.0428230821223386,-0.00692649543764785
0.0506377154444069,0.00175361608651571
0.0455114903683677,-0.00262538019601217
0.0406527543088881,-0.00662610679283542
0.0436262250760392,-0.00301710037174721
0.0333180128421764,-0.0123812436633998
0.0240979858060155,-0.0205942886110172
0.028488154782021,-0.0159065562690098
0.0186564041906049,-0.0244672524501521
0.0298122338627915,-0.0135031598513011
0.0272375464684015,-0.0152896417708685
0.0342333051706658,-0.00856765123352484
0.0261952636025684,-0.0158062690098006
0.0186313281514025,-0.0225684352821899
0.0242262757688408,-0.0177813619466036
0.0186433592429875,-0.0225780669144981
0.0273155052382562,-0.0151250422440014
0.0192451503886448,-0.0217615241635688
0.0325858229131463,-0.0105250422440014
0.0253235214599527,-0.0173607637715444
0.0275550439337614,-0.0170011828320379
0.01909624873268,-0.0249062859074011
0.0239285062521122,-0.0222441027374113
0.0175662047989186,-0.0279042412977357
0.0253553227441703,-0.022584656978709
0.0198601047651234,-0.0271036329841163
0.0106596654275093,-0.0342370733355864
0.0187323589050355,-0.0299493240959784
0.0224893545116593,-0.0288440520446097
0.0163198377830348,-0.0339032950321054
0.0239447448462318,-0.0288830686042582
0.0200671510645488,-0.0311452348766475
0.01754874957756,-0.0319217979046975
0.0298304832713755,-0.0222585332882731
0.0253534133153092,-0.024298969246367
0.0145654275092937,-0.0311557958769855
0.022185907401149,-0.0272308381209868
0.0253993916863805,-0.0258429030077729
0.0156815123352484,-0.0323648191956742
0.00702534640081108,-0.0376860425819534
-9.01655964852983E-05,-0.0413210544102737
0.00738091753970936,-0.035191686380534
0.00220951334910443,-0.0360252619128084
-0.00560295708009463,-0.0379996620479892
0.00626936465021967,-0.0281892362284556
-8.27982426495424E-05,-0.0300112706995607
0.00711841838458939,-0.0226949476174383
0.0024636532612369,-0.0220246535991889
-0.00201554579249746,-0.0211988847583643
-0.00649655795876986,-0.0204604596147347
0.00162467049678946,-0.0116659344373099
-0.00934172017573505,-0.0158237411287597
0.00156331530922609,-0.00506037005745184
-0.00246160865157148,-0.00382191618790132
-0.00538203785062521,-0.00179722203447111
-0.00729342683338966,0.000901791145657317
0.00523947279486313,0.0139690604934099
0.00303641432916526,0.0161048496113552
-0.00342982426495438,0.0144989354511659
0.0100955052382562,0.0266691111862116
0.00781049340993579,0.027202406218317
0.019375092936803,0.0378002703616086
0.0142032274417033,0.0347592091922947
0.00724472794863129,0.0293507265968233
0.0126967218654951,0.0323240959783711
0.00539848935451166,0.0258471105103075
0.0127669651909429,0.0298180804325786
0.00251671172693477,0.0207987664751605
0.0153097330179115,0.0282441027374113
0.0118666948293342,0.0237379013180128
0.0224282696857046,0.0291230821223386
0.0178999831023995,0.0231109158499493
0.0198716796214937,0.0191340486650896
0.00752698546806353,0.00515726596823251
0.0104485130111524,0.00165327475498479
0.00200559310577898,-0.00824428861101724
0.00960802636025684,-0.00724160189253126
0.0183457468739439,-0.0047882781345049
0.00876900980060831,-0.0132186718485975
0.0245225076039202,-0.00498247380871916
0.0333252450152078,-0.00163273065224738
0.0200308550185874,-0.014565562690098
0.0182838965866847,-0.0209541906049341
0.00576635687732342,-0.0318354173707334
0.00787463670158838,-0.0333634673876309
-0.00144413653261237,-0.0397125718148023
0.00471115241635688,-0.0360996958431903
-0.00207059817505914,-0.038650219668807
0.00680496282527881,-0.0312208516390673
-0.00345221358567083,-0.0345130111524164
0.00955471443055086,-0.0236697110510308
0.0181358600878675,-0.0147799932409598
0.0107179959445759,-0.0160936127069956
0.00256002872592092,-0.0182808888137884
0.00754048665089557,-0.0127481581615411
-0.00133056775937817,-0.0153449645150389
-0.00895018587360595,-0.0170368367691788
-0.00073480905711389,-0.00859513349104427
-0.0106620648867861,-0.0112227779655289
0.00278866171003717,0.000744508279824265
0.00500405542412977,0.00318032612369044
-0.0061504562352146,-0.0030084656978709
-0.0149385434268334,-0.00737328489354512
-0.00945148698884759,-0.0027938999662048
-0.0172958769854681,-0.00662446096654275
-0.012958313619466,-0.00370184183845894
-0.0217556606961811,-0.00889611355187563
-0.0323251098344035,-0.0149563703954039
-0.0203837445082798,-0.00684599526867185
-0.0114823251098344,-0.000145758702264279
-0.0143106454883407,-0.000550827982426495
-0.0159828151402501,-0.000117387630956406
-0.0168096316323082,0.000879283541737072
-0.00311304494761744,0.0115211388982764
-0.00439835079418722,0.0122417472118959
-0.00951179452517742,0.0102402669820885
0.00882353835755323,0.0242974146671173
0.0159714582629267,0.0291071307874282
0.00228276444744846,0.017630500168976
0.000809986481919566,0.0144828996282528
-0.0108013011152416,0.00567161203109158
-0.0205567759378168,-0.00135184183845894
-0.0168737749239608,0.00133602568435282
-0.024466373774924,-0.00304385772220345
-0.0181581615410612,0.00301527543088881
-0.0276020784048665,-0.00195635349780331
-0.0157468739439,0.00940037174721189
-0.00733380533964177,0.0190070648867861
-0.0106861946603582,0.0197861101723555
-0.00146307874281852,0.0307166441365326
-0.00836451503886448,0.0279693308550186
-0.00789791652585333,0.0304929030077729
-0.0205141939844542,0.0218498648191957
-0.021877999324096,0.0227362960459615
-0.032552281176073,0.0156855694491382
-0.030323842514363,0.0203141770868537
-0.0410221358567083,0.0129129942548158
-0.0323966407570125,0.0236038526529233
-0.0260801284217641,0.0322526191280838
-0.0293936465021967,0.0313213416694829
-0.021003717472119,0.041714092598851
-0.0271326968570463,0.0371466711726935
-0.0283785417370733,0.0375640419060493
-0.0399087529570801,0.0268030415680973
-0.040309564041906,0.0276958093950659
-0.0391203109158499,0.029975092936803
-0.0457130787428185,0.0228711220006759
-0.0404744001351808,0.0287663399797229
-0.0470212909766813,0.0203902010814464
-0.0357510814464346,0.0324016221696519
-0.0270741128759716,0.0412118959107807
-0.0340540554241298,0.032314312267658
-0.0324820716458263,0.03377593781683
-0.0378883068604258,0.0258562622507604
-0.041397938492734,0.0196564210882055
-0.0339942886110172,0.0268491213247719
-0.0352884488002704,0.0224507772896249
-0.0264375464684015,0.0310848935451166
-0.0321914498141264,0.0210665731666103
-0.0326988847583643,0.0213091922946942
-0.0332857384251436,0.020542125718148
-0.03889624873268,0.0116944913822237
-0.0350748563703954,0.0155163399797229
-0.0374403514700912,0.0097919905373437
-0.0300134335924299,0.0174775092936803
-0.0302460020277121,0.0138261912808381
-0.0294877999324096,0.011345657316661
-0.0198354173707334,0.0220303311929706
-0.0247766137208516,0.0126504731328151
-0.0257492903007773,0.0142005288948969
-0.0281593950659006,0.0131054917201757
-0.0344937478877999,0.00403889827644475
-0.0387358905035485,-0.00274095978371071
-0.0342821899290301,0.00386400811084826
-0.0397909766813112,-0.00420272051368706
-0.0465750253464008,-0.0133320716458263
-0.0459633322068266,-0.00969236228455559
-0.0514472794863129,-0.0191666272389321
-0.0443567083474147,-0.00728504562352146
-0.0431600202771206,-0.00780691111862116
-0.040467218654951,-0.00668616086515715
-0.0367042919905373,-0.00436650895572829
-0.0335218316998986,-0.00248180128421764
-0.0264458093950659,0.00962755998648192
-0.0306802973977695,0.00193318688746198
-0.0229529739776952,0.0165234707671511
-0.0219951672862453,0.0164562521122001
-0.0202808888137884,0.0171896924636702
-0.018118874619804,0.0183950827982426
-0.0157509293680297,0.0198296721865495
-0.0155209530246705,0.0170513349104427
-0.011776343359243,0.0296577222034471
-0.0208312436633998,0.0202631801284218
-0.0275806015545792,0.0131117438323758
-0.0299966204798919,0.017737468739439
-0.037130280500169,0.00929430550861778
-0.04317218654951,0.00188872930043934
-0.0484825954714431,-0.0072864312267658
-0.0449994930719838,0.00607891179452518
-0.0449893545116593,0.00523496113551876
-0.0392894558972626,0.0182875295708009
-0.0394738087191619,0.0162122676579926
-0.0418661710037175,0.0118533288273065
-0.0449139912132477,0.0067896062859074
-0.0476434606285907,-0.000843933761405881
-0.0428367691787766,0.0150384707671511
-0.0414087529570801,0.0149766306184522
-0.0391468401486989,0.0157399459276783
-0.0323330517066577,0.0311481750591416
-0.0316155795876985,0.0291948293342345
-0.0338562014193984,0.0242528894896925
-0.0398565393714093,0.0122553903345725
-0.040790469753295,0.0237525684352822
-0.0428001013856032,0.0197203954038527
-0.0435917539709361,0.0168591753970936
-0.0409984792159513,0.0290148529908753
-0.040270530584657,0.026459564041906
-0.0393790131801284,0.0240884082460291
-0.0394413653261237,0.0170218654950997
-0.0389291990537344,0.0316453869550524
-0.0416801284217641,0.0264641770868537
-0.0450616762419736,0.0331944237918216
-0.048737749239608,0.0256751605272051
-0.0511127069956066,0.0194882561676242
-0.0517962149374789,0.0293097330179115
-0.0527005745184184,0.0232151233524839
-0.0538959107806691,0.0125598513011152
-0.0556645826292666,0.0257480398783373
-0.0557592091922947,0.0214680128421764
-0.0548198715782359,0.0326349611355188
-0.0528218992903008,0.0288088374450828
-0.0521289286921257,0.0237165258533288
-0.053028218992903,0.0171173200405542
-0.0566669482933423,0.0245805846569787
-0.0575268671848597,0.0115007265968232
-0.059481750591416,0.0244621662723893
-0.057982595471443,0.0194057958769855
-0.055415343021291,0.0154401824940858
-0.05197093612707,0.0123753632984116
-0.0488193646502197,0.0263165089557283
-0.0440179114565732,0.0228060070969922
-0.0387886110172356,0.0148153210544103
-0.0350010138560324,0.0342435130111524
-0.0308905035484961,0.0312597161203109
-0.0301409259885096,0.0417985653937141
-0.0329501520784049,0.0302463670158837
-0.0386280838120987,0.0161250591416019
-0.045,0.00168447110510308
-0.0544226089895235,0.00335691111862116
-0.0559488002703616,-0.01290906218317
-0.0626522473808719,-0.00371397431564718
-0.0624239607975667,-0.0112411270699561
-0.0610699560662386,-0.0171874957755999
-0.0626686380533964,-0.00729560662385941
-0.0592208516390672,-0.0124157147685029
-0.0553379520108145,-0.0165415680973302
-0.0500297397769517,-0.0243556606961811
-0.0552783034809057,-0.0104097330179115
-0.0568528218992903,-0.0177040723217303
-0.0630258533288273,-0.0106997786414329
-0.0632725582967219,-0.0181993240959784
-0.0627936802973978,-0.0246022304832714
-0.0614565731666103,-0.029755998648192
-0.0575349780331193,-0.0379003041568097
-0.0630069280162217,-0.0219041906049341
-0.0628090571138898,-0.0265577897938493
-0.0621182832037851,-0.0305980060831362
-0.0606079756674552,-0.0337424805677594
-0.0585863467387631,-0.0362793173369382
-0.0543092260898952,-0.0425893883068604
-0.0629852990875296,-0.0277078404866509
-0.0607313281514025,-0.02935062521122
-0.0582265968232511,-0.0308540047313281
-0.0584239607975667,-0.0351790807705306
-0.0599052044609665,-0.0408683676917878
-0.0575461304494762,-0.0490023656640757
-0.0687587022642785,-0.0362196671172694
-0.0665468063534978,-0.0380626022304833
-0.0631755660696181,-0.0389433592429875
-0.0587982426495438,-0.0390169482933424
-0.0536103413315309,-0.0384089219330855
-0.0452933423453869,-0.0410065900642109
-0.0502671510645488,-0.0222774586008787
-0.0440794187225414,-0.0206115241635688
-0.0403381209868199,-0.0215729976343359
-0.0284382899628253,-0.0358031429537006
-0.0252700236566408,-0.0411323082122339
-0.0379604596147347,-0.0279235045623521
-0.0384956066238594,-0.0308803480905711
-0.0381235214599527,-0.0332541906049341
-0.0366507265968232,-0.0348588543426833
-0.0341561338289963,-0.0357050523825617
-0.027963501182832,-0.0392335248394728
-0.0369449138222372,-0.0239391010476512
-0.0232978337276107,-0.0337691280838121
-0.0196387293004393,-0.0316112369043596
-0.0157088374450828,-0.0295425819533626
-0.00889614396755661,-0.0309846231835079
-0.0281737918215613,-0.0251708685366678
-0.0330021797904698,-0.0327301453193646
-0.0358949138222372,-0.0387718823927002
-0.0371500506928016,-0.0435542412977357
-0.0219030415680973,-0.0587783034809057
-0.0370640419060493,-0.0483663399797229
-0.0356288273065225,-0.0485740114903684
-0.0330126056100034,-0.0480415680973302
-0.0293965866846908,-0.046929874957756
-0.0249760729976343,-0.0453582291314633
-0.0168944913822237,-0.0461436296045961
-0.0156034302129098,-0.0400708009462656
-0.0109365664075701,-0.0366317336938155
-0.00737063872930044,-0.034720344711051
-0.00561671510645488,-0.0349664413653261
-0.00239356201419398,-0.0395640419060493
-0.0172887293004393,-0.0319018249408584
-0.00782037850625211,-0.0428485974991551
-0.00991376478540047,-0.0456628928692126
-0.010962250760392,-0.0477857384251436
-0.00747235552551538,-0.0510221358567083
-0.021148563703954,-0.0420625211220007
-0.0186185366677932,-0.0413874619803988
-0.00470441027374113,-0.0470207840486651
-0.00215116593443731,-0.0444602906387293
0.00405812774586009,-0.0436975329503211
-0.00592178100709699,-0.0306110172355526
-0.001787906387293,-0.0271829334234539
0.00759692463670159,-0.0357794863129436
0.00326155795876986,-0.0391299425481582
0.00323832375802636,-0.0435329503210544
-0.0144594964515039,-0.0377720513687056
-0.0149737749239608,-0.038056437985806
-0.0142620479891855,-0.0374471105103075
-0.00136661034133153,-0.0420623521459953
0.00284231159175397,-0.0413289962825279
-0.00985625211220007,-0.0301323082122339
-0.0142735045623521,-0.0335942886110172
-0.0186289117945252,-0.0374040216289287
-0.00897882730652247,-0.0445147009124704
-0.00842769516728624,-0.0469604596147347
-0.0262166441365326,-0.0407189929030078
-0.0258178776613721,-0.039061000337952
-0.0240361101723555,-0.0365305846569787
-0.00948649881716796,-0.0385069280162217
-0.00398752957080095,-0.0359729638391348
-0.0168764447448462,-0.0250920919229469
-0.0203293342345387,-0.0274557282865833
-0.0106242311591754,-0.0334464346062859
-0.0142092767826969,-0.0350010138560324
-0.0122617945251774,-0.0364841162554917
-0.0292320716458263,-0.030417032781345
-0.0158156978709023,-0.032112031091585
-0.0159940351470091,-0.0304190604934099
0.00071214937478878,-0.0342152754308888
-0.0189719668807029,-0.0292096992227104
-0.0193572152754309,-0.0273999662047989
-0.0181927340317675,-0.0247909766813112
-0.00354033457249071,-0.0257629266644137
0.00165613382899628,-0.0231549509969584
-0.0153657384251436,-0.0169181480229807
-0.00421978709023318,-0.0200686042581953
-0.00542171341669483,-0.0189925481581615
0.0110803987833728,-0.0222282865833052
-0.00559464346062859,-0.0144069111186212
-0.00449790469753295,-0.0109222051368706
0.00821857046299425,-0.0122114396755661
0.00637005745184184,-0.0111648360932748
0.00619942548158161,-0.0138776613720852
-0.00455851639067252,-0.016387968908415
-0.00924738087191619,-0.0182083474146671
0.00118183507941872,-0.0216696519094289
0.00198524839472795,-0.02217843866171
-0.0166308043257857,-0.0169501520784049
-0.00686431226765799,-0.0201103413315309
-0.0109023487664752,-0.0209751605272051
0.00372764447448462,-0.0248822237242312
-0.0173217134166948,-0.0210964852990875
-0.00618587360594795,-0.0218056775937817
-0.00798396417708685,-0.0194727948631294
0.00835260223048327,-0.0207762757688408
-0.011212656302805,-0.0147437985806016
-0.0155712402838797,-0.0153131125380196
-0.00570001689760054,-0.0179981412639405
0.00830584656978709,-0.0209812436633998
-0.0173067590402163,-0.0204050354849611
-0.0237472118959108,-0.0225412301453194
-0.0141026529232849,-0.0250266982088543
0.000260412301453192,-0.0273073673538358
-0.0228532781345049,-0.0239330855018587
-0.0248404866508956,-0.0214067252450152
-0.011790030415681,-0.0203548496113552
0.00524045285569449,-0.0198937140925989
-0.0161466965190943,-0.0147862453531598
-0.00574467725582967,-0.0148616086515715
-0.0107086684690774,-0.0146282527881041
0.00385229807367354,-0.0168967556606962
-0.0204674045285569,-0.0151424467725583
-0.00980331192970598,-0.015355187563366
0.00133462318350794,-0.0152844204123015
0.00212389320716458,-0.0135763771544441
-0.0183897938492734,-0.00879303818857722
-0.00973301791145657,-0.0116811422777966
-0.000182865833051706,-0.0138435282189929
-0.00146914498141264,-0.0149624873267996
-0.0127658837445083,-0.0161960121662724
-0.00317674890165597,-0.0173683676917878
0.0111562926664414,-0.0183377830348091
-0.014919280162217,-0.0182735721527543
-0.0230513687056438,-0.0220216289286921
-0.0141604748225752,-0.0248355863467388
-0.000102245691111861,-0.0268421764109496
-0.0260668807029402,-0.0283991213247719
-0.0149346062859074,-0.0280880364988172
-0.00312384251436296,-0.0271924636701588
-0.00183967556606962,-0.0256030753632984
-0.011458999662048,-0.0257685028725921
-0.00192649543764785,-0.026314126394052
0.0121463670158837,-0.0264359580939507
-0.0131471781007097,-0.0273984454207503
-0.00230294018249409,-0.0257982426495438
0.00796618790131801,-0.024869719499831
0.00617093612706996,-0.0253877999324096
-0.00668580601554579,-0.0282679959445759
0.00227965528894897,-0.0278585670834741
0.016200185873606,-0.0264427171341669
-0.0081631970260223,-0.0265775599864819
0.000299256505576208,-0.0258200405542413
0.00885719837783035,-0.0250924298749578
0.00559895234876647,-0.0259988171679622
-0.00593313619466036,-0.0266929705981751
0.00362656302805002,-0.024206657654613
-0.00115902331868875,-0.0225312605610003
-0.000106429537005746,-0.0199795539033457
-0.00983563703954039,-0.0196221696519094
-0.00247617438323758,-0.0199155119972964
0.00946694829334234,-0.0196449814126394
-0.0233418046637377,-0.0280392024332545
-0.0155070969922271,-0.0269251436296046
-0.00629188915174045,-0.0247548158161541
-0.0076262250760392,-0.023055593105779
-0.0165662216965191,-0.0201860425819534
-0.00443068604258195,-0.0144393376140588
0.0121896924636702,-0.00858984454207502
-0.00897238932071646,-0.00356681818181818
0.00377930043933761,0.00321478540047313
0.00288915174045286,0.009672406218317
0.0208452686718486,0.0152588712402839
0.00109320716458263,0.0208507941872254
0.00578816492058128,0.0180072659682325
0.0119212571814802,0.0159942548158162
0.00670804325785739,0.0130745184183846
-0.00627840486650895,0.0114071814802298
0.00266796214937479,0.0122620817843866
0.0165804663737749,0.0133540047313281
-0.00731383913484285,0.0152629266644137
0.00400998648191957,0.0184295370057452
0.0129694153430213,0.0185768840824603
0.00768153092260899,0.0150599864819196
-0.00944197363974316,0.00867757688408246
-0.00362233862791484,0.00550375126732004
0.0079547313281514,0.00340659006421088
-0.0247167286245353,-0.0042709530246705
-0.00219212571814802,-0.00489935789117945
0.00876633997972288,-0.00636192970598175
-0.0209699898614397,-0.0101977526191281
-0.0114888475836431,-0.00883883068604258
-0.000991872254139911,-0.00703230821223386
-0.000865498479215952,-0.00521047651233525
-0.00852948631294356,-0.00265662385941196
0.00147685028725921,-0.00166412301453194
0.0156629942548158,-0.000848940351470091
-0.0133597330179115,-0.00623313619466036
-0.00438338965866847,-0.00639021628928692
0.0250228455559311,-0.00434322406218317
-0.00533466542750929,-0.010233406556269
4.21088205474797E-05,-0.0125681987157824
0.00699996620479892,-0.0136681311253802
0.0034262250760392,-0.0154117945251774
-0.00801884082460291,-0.0169673876309564
0.00170750253464008,-0.0152293004393376
0.0161774417032781,-0.0126917877661372
-0.0148628590740115,-0.0208932071645826
-0.00817218654950997,-0.0218911794525177
-0.000135907401149037,-0.0217720513687056
-0.00284656978709023,-0.0228146333220683
-0.0136523318688746,-0.0240081108482596
-0.00299560662385941,-0.0208090571138898
0.0124094457587023,-0.0166574856370395
-0.0102814464346063,-0.0167441703278135
0.00182501013856033,-0.0115616086515715
0.0135861777627577,-0.0069868874619804
0.0142226765799256,-0.00418684014869889
0.0040434437309902,-0.00435931057789794
0.0119403514700912,-0.00323791145657317
0.024188813788442,-0.00159468739439
0.01063875126732,-0.00372664751605272
0.0180117438323758,-0.00172643798580602
0.0301035822913146,0.00105954545454545
0.00507264278472457,-0.000350089557282866
0.0133130787428185,0.00234819195674214
0.0187838796890842,0.00176292666441365
0.00910653937140926,-0.00509898614396756
0.00540378506252112,-0.0101093578911795
0.00826140588036499,-0.0125741973639743
0.000783761405880365,-0.0167306522473809
-0.0143648360932748,-0.0216417708685367
0.00783012842176411,-0.0172636025684353
0.00251823251098344,-0.0190163906725245
-0.0147227610679284,-0.0261454883406556
-0.0100939506590064,-0.0273976005407232
0.000371451503886448,-0.0264129773572153
-0.0164772051368706,-0.0336468401486989
-0.0100002872592092,-0.0329055424129774
0.00225371747211896,-0.0297521122000676
-0.0252171172693477,-0.0385777289624873
-0.0151564717810071,-0.0352546468401487
0.0149184859749916,-0.0251929705981751
-0.010146688070294,-0.0325976681311254
-0.000855441027374113,-0.0295750253464008
0.00812093612706996,-0.0270006759040216
0.00524685704629943,-0.02942531260561
-0.00512833727610679,-0.0345958093950659
0.00513382899628253,-0.0312075025346401
0.0198277120648868,-0.0255471443055086
-0.00130429199053734,-0.0339242987495776
0.00901716796214938,-0.0303511321392362
0.0190020277120649,-0.0268276444744846
0.0180301115241636,-0.0283675228117607
0.0200033457249071,-0.0295028725920919
0.0254219330855019,-0.028986312943562
0.0188848935451166,-0.0349878337276107
0.00453827306522474,-0.0450211220006759
0.0108818857722203,-0.0430185873605948
0.0220914160189253,-0.0374787090233187
-0.00284768502872592,-0.051729469415343
0.0190849594457587,-0.0389457587022643
0.0306049340993579,-0.0314204123014532
0.00769227779655289,-0.0431998986143968
0.0165559648529909,-0.0363911794525177
0.0256231835079419,-0.0291333220682663
0.0254258702264278,-0.0270118283203785
0.0296213247718824,-0.0222154613044948
0.0367940182494086,-0.0157877864143292
0.0340527205136871,-0.0154858229131463
0.015334031767489,-0.028277593781683
0.0294143291652585,-0.0193834606285907
0.0160061676241974,-0.0292069956066239
-0.00420434268333897,-0.0431392362284556
-0.00214565731666104,-0.0410476512335248
0.00576498817167962,-0.0344577559986482
-0.00948627728962487,-0.0433110848259547
-0.00386110172355526,-0.0373832375802636
0.00685001689760054,-0.027771375464684
-0.0159835079418723,-0.0404285231497127
-0.00630533964177087,-0.0308364312267658
